Name, County, ClimateDivision, Longitude, Latitude, Elevation, MeanAvgTemperature, TotalPrecipitation
BARSTOW-DAGGETT AIRPORT, San Bernardino, CA07, -116.787, 34.854, 1919, 69.8, 0.49
MERCED, Merced, CA05, -120.516, 37.289, 154, 64.4, 1.53
SAN DIEGO MONTGOMERY FIELD, San Diego, CA06, -117.137, 32.815, 418, 69.4, 0.16
SAN DIEGO INTERNATIONAL AP, San Diego, CA06, -117.183, 32.734, 15, 70.6, 0.07
SAN DIEGO MIRAMAR NAS, San Diego, CA06, -117.133, 32.867, 477, 71.3, 0.02
NORTH ISLAND NAS, San Diego, CA06, -117.210, 32.692, 14, 67.1, 0.02
SAN FRANCISCO INTERNATIONAL AP, San Mateo, CA04, -122.366, 37.620, 10, 63.4, 2.78
SAN LUIS OBISPO MCCHESNEY FIELD, San Luis Obispo, CA04, -120.644, 35.238, 183, 67.3, 1.83
CEDARVILLE, Modoc, CA03, -120.179, 41.530, 4688, 49.6, 2.87
CHICO UNIVERSITY FARM, Butte, CA02, -121.821, 39.691, 185, 61.3, 5.59
CHULA VISTA, San Diego, CA06, -117.086, 32.640, 56, 68.5, 0.07
COLFAX, Placer, CA02, -120.947, 39.090, 2373, 59.2, 9.93
CUYAMACA, San Diego, CA06, -116.587, 32.990, 4640, 58.9, 0.29
DAVIS 2 WSW EXP FARM, Yolo, CA02, -121.776, 38.535, 60, 62.5, 2.05
DEATH VALLEY NATIONAL PARK, Inyo, CA07, -116.867, 36.463, -194, 80.1, 0.04
FAIRMONT, Los Angeles, CA07, -118.430, 34.705, 3060, 66.0, 0.42
FORT BRAGG 5 N, Mendocino, CA01, -123.756, 39.510, 123, 55.4, 9.31
HANFORD 1 S, Kings, CA05, -119.637, 36.316, 237, 66.9, 0.76
HAPPY CAMP RANGER STATION, Siskiyou, CA01, -123.375, 41.796, 1142, 51.3, 16.30
INDIO FIRE STATION, Riverside, CA07, -116.215, 33.709, -21, 80.5, 0.12
LEMON COVE, Tulare, CA05, -119.026, 36.382, 513, 66.1, 1.14
LIVERMORE, Alameda, CA04, -121.751, 37.682, 529, 62.3, 3.34
MERCED MUNICIPAL AP, Merced, CA05, -120.518, 37.286, 152, 63.9, 1.43
NAPA STATE HOSPITAL, Napa, CA01, -122.265, 38.278, 35, 62.6, 3.60
OJAI, Ventura, CA06, -119.227, 34.448, 745, 64.0, 0.81
ORLAND, Glenn, CA02, -122.200, 39.746, 254, 62.5, 2.79
ORLEANS, Humboldt, CA01, -123.532, 41.309, 403, 55.8, 0.00
PASADENA, Los Angeles, CA06, -118.145, 34.148, 864, 70.8, 0.36
PASO ROBLES, San Luis Obispo, CA04, -120.685, 35.628, 730, 61.9, 1.61
PETALUMA AIRPORT, Sonoma, CA01, -122.608, 38.258, 20, 61.1, 5.56
QUINCY, Plumas, CA02, -120.947, 39.937, 3420, 49.8, 8.43
REDLANDS, San Bernardino, CA06, -117.195, 34.037, 1410, M, 0.82
SANTA BARBARA, Santa Barbara, CA06, -119.684, 34.417, 16, 67.0, 0.71
SANTA CRUZ, Santa Cruz, CA04, -122.000, 36.988, 70, 62.3, 4.89
TAHOE CITY, Placer, CA03, -120.143, 39.168, 6230, 46.2, 9.04
WASCO, Kern, CA05, -119.352, 35.589, 291, 66.7, 0.47
WEAVERVILLE, Trinity, CA01, -122.940, 40.737, 2058, 54.6, 9.61
WILLOWS 6 W, Glenn, CA02, -122.305, 39.523, 234, 63.8, 1.83
YOSEMITE PARK HEADQUARTERS, Mariposa, CA05, -119.590, 37.750, 4018, 55.6, 3.76
YREKA, Siskiyou, CA01, -122.641, 41.703, 2709, 51.8, 5.54
BERKELEY, Alameda, CA04, -122.260, 37.874, 310, 61.6, 4.27
EUREKA WFO WOODLEY ISLAND, Humboldt, CA01, -124.160, 40.810, 20, 57.1, 10.92
INDEPENDENCE, Inyo, CA07, -118.204, 36.798, 3950, 65.3, 0.00
SAN LUIS OBISPO POLY, San Luis Obispo, CA04, -120.662, 35.306, 308, 65.2, 2.85
IMPERIAL BEACH REAM FIELD NAS, San Diego, CA06, -117.117, 32.568, 24, 67.4, 0.04
CAMPO, San Diego, CA06, -116.470, 32.626, 2630, 63.0, 0.10
EL CENTRO 2 SSW, Imperial, CA07, -115.562, 32.767, -30, 77.8, 0.03
IMPERIAL COUNTY AP, Imperial, CA07, -115.577, 32.835, -55, 78.5, T
EL CENTRO NAF, Imperial, CA07, -115.664, 32.832, -46, 77.7, T
ALPINE, San Diego, CA06, -116.777, 32.836, 1695, 68.0, 0.04
DEEP CANYON LAB, Riverside, CA07, -116.376, 33.651, 1200, M, 0.29
ELSINORE, Riverside, CA06, -117.346, 33.686, 1268, 69.9, 0.39
SANTA ANA JOHN WAYNE AP, Orange, CA06, -117.867, 33.680, 43, 69.0, 0.98
HAYFIELD PUMPING PLANT, Riverside, CA07, -115.629, 33.704, 1370, 74.5, 0.22
IDYLLWILD FIRE DEPT, Riverside, CA06, -116.707, 33.757, 5380, 56.7, 1.05
SAN JACINTO, Riverside, CA06, -116.975, 33.797, 1525, 68.6, 0.55
HEMET, Riverside, CA06, -116.894, 33.738, 1811, 69.4, 0.26
SANTA ANA FIRE STATION, Orange, CA06, -117.867, 33.744, 135, 71.1, 0.66
EAGLE MOUNTAIN, Riverside, CA07, -115.451, 33.809, 973, 78.3, 0.21
PALM SPRINGS, Riverside, CA07, -116.510, 33.828, 425, M, 0.05
LONG BEACH DAUGHERTY AP, Los Angeles, CA06, -118.147, 33.812, 34, 69.7, 0.41
PALOS VERDES ES FC43D, Los Angeles, CA06, -118.391, 33.800, 220, M, 0.50
FULLERTON MUNICIPAL AP, Orange, CA06, -117.986, 33.872, 86, 71.1, 0.40
BEAUMONT #2, Riverside, CA07, -116.990, 33.926, 2591, M, 0.33
MARCH AFB, Riverside, CA06, -117.250, 33.900, 1536, 66.6, 0.32
HAWTHORNE MUNICIPAL AP, Los Angeles, CA06, -118.333, 33.924, 55, 68.8, 0.60
LOS ANGELES INTL AP, Los Angeles, CA06, -118.387, 33.938, 97, 68.3, 0.36
RIVERSIDE FIRE STATION 3, Riverside, CA06, -117.388, 33.951, 840, 70.4, 1.21
RIVERSIDE MUNICIPAL AP, Riverside, CA06, -117.435, 33.953, 845, 70.5, 0.96
CHINO AP, San Bernardino, CA06, -117.625, 33.976, 636, 70.1, 0.27
CULVER CITY, Los Angeles, CA06, -118.414, 34.005, 92, 68.0, 0.51
SANTA MONICA MUNICIPAL AP, Los Angeles, CA06, -118.447, 34.021, 175, 67.1, 0.38
SANTA MONICA PIER, Los Angeles, CA06, -118.500, 34.008, 14, M, 0.08
ONTARIO INTL AP, San Bernardino, CA06, -117.577, 34.053, 924, 69.6, 0.62
POMONA/FAIRPLEX, Los Angeles, CA06, -117.766, 34.082, 999, 68.9, 0.60
COVINA CITY YARD FC387B, Los Angeles, CA06, -117.880, 34.092, 607, M, 0.34
U C L A, Los Angeles, CA06, -118.443, 34.070, 430, 69.3, 0.32
IRON MOUNTAIN, San Bernardino, CA07, -115.122, 34.147, 922, 80.0, 0.31
TWENTYNINE PALMS, San Bernardino, CA07, -116.037, 34.128, 1975, 74.0, 0.10
JOSHUA TREE, San Bernardino, CA07, -116.275, 34.147, 2563, 68.3, 0.33
SAN GABRIEL FIRE DEPT, Los Angeles, CA06, -118.100, 34.084, 363, M, 0.13
POINT MUGU NF, Ventura, CA06, -119.123, 34.124, 12, 63.7, 0.25
ALTADENA, Los Angeles, CA06, -118.138, 34.182, 1127, M, 0.41
SAN GABRIEL CANYON PH, Los Angeles, CA06, -117.908, 34.155, 744, M, 0.50
WOODLAND HILLS PIERCE COLLEGE, Los Angeles, CA06, -118.574, 34.182, 790, 69.9, 0.28
LYTLE CREEK R S, San Bernardino, CA06, -117.471, 34.238, 2730, M, 1.54
SAN GABRIEL DAM FC425B-E, Los Angeles, CA06, -117.861, 34.205, 1481, M, 0.56
MT WILSON CBS, Los Angeles, CA06, -118.071, 34.231, 5710, 62.8, 1.11
VAN NUYS AP, Los Angeles, CA06, -118.491, 34.212, 785, 70.7, 0.31
CAMARILLO AP, Ventura, CA06, -119.088, 34.211, 71, 65.8, 0.49
OXNARD VENTURA COUNTY AP, Ventura, CA06, -119.204, 34.200, 39, 65.4, 0.49
PARKER RESRVOIR, San Bernardino, CA07, -114.171, 34.290, 738, 80.1, 0.00
TWENTYNINE PALMS MC, San Bernardino, CA07, -116.147, 34.294, 2003, M, 0.40
BIG BEAR LAKE, San Bernardino, CA06, -116.917, 34.243, 6753, 52.0, 2.03
BIG TUJUNGA DAM FC46, Los Angeles, CA06, -118.188, 34.295, 2326, M, 0.61
PACOIMA DAM FC33A-E, Los Angeles, CA06, -118.400, 34.329, 1550, M, 0.38
PIRU 2 ESE, Ventura, CA06, -118.757, 34.406, 712, M, 0.69
SANTA BARBARA MUNI AP, Santa Barbara, CA06, -119.842, 34.424, 8, 62.8, 0.73
JUNCAL DAM, Santa Barbara, CA06, -119.507, 34.491, 2260, M, 1.07
VICTORVILLE, San Bernardino, CA07, -117.293, 34.529, 2880, 65.1, 0.44
GIBRALTAR DAM NO. 2, Santa Barbara, CA06, -119.682, 34.523, 1558, 65.0, 1.20
AMBOY, San Bernardino, CA07, -115.744, 34.559, 648, 76.0, 0.18
PALMDALE, Los Angeles, CA07, -118.094, 34.588, 2612, 66.2, 0.11
SAUGUS POWER PLANT 1, Los Angeles, CA06, -118.454, 34.590, 2161, M, 2.02
LOS PRIETOS RS, Santa Barbara, CA06, -119.791, 34.544, 1024, M, 0.82
CACHUMA LAKE, Santa Barbara, CA06, -119.982, 34.582, 789, 66.5, 1.13
SALSIPUEDES GAGING STATION, Santa Barbara, CA06, -120.408, 34.585, 254, M, 0.88
PALMDALE AP, Los Angeles, CA07, -118.083, 34.629, 2509, 64.6, 0.07
LOMPOC, Santa Barbara, CA06, -120.451, 34.654, 75, 64.5, 1.07
LOMPOC AP, Santa Barbara, CA06, -120.467, 34.667, 88, 61.9, 0.86
LANCASTER, Los Angeles, CA06, -118.213, 34.741, 2338, 64.5, 0.18
SANDBERG, Los Angeles, CA06, -118.724, 34.744, 4510, 62.8, 0.58
LEBEC, Kern, CA05, -118.865, 34.833, 3575, 60.4, 0.27
NEW CUYAMA FIRE STATION, Santa Barbara, CA06, -119.683, 34.946, 2160, 60.7, 0.34
TWITCHELL DAM, Santa Barbara, CA06, -120.321, 34.988, 582, 63.8, 3.63
BORON, Kern, CA07, -117.650, 35.004, 2450, M, 0.10
MOJAVE, Kern, CA07, -118.162, 35.049, 2735, 66.1, 0.00
PISMO BEACH, San Luis Obispo, CA04, -120.683, 35.160, 39, 63.1, 2.17
TAFT, Kern, CA05, -119.430, 35.150, 773, M, 0.50
SALINAS DAM, San Luis Obispo, CA04, -120.504, 35.337, 1392, M, 2.40
RANDSBURG, Kern, CA07, -117.652, 35.369, 3570, 64.8, 0.26
SANTA MARGARITA BOOST, San Luis Obispo, CA04, -120.637, 35.374, 1148, M, 4.20
MORRO BAY FIRE DEPT, San Luis Obispo, CA04, -120.845, 35.367, 118, M, 3.85
BAKERSFIELD AP, Kern, CA05, -119.055, 35.434, 490, 68.0, 0.24
BUTTONWILLOW, Kern, CA05, -119.470, 35.403, 225, 65.3, 0.32
GLENNVILLE, Kern, CA05, -118.701, 35.727, 3140, 54.9, 0.41
TRONA, San Bernardino, CA07, -117.391, 35.764, 1695, 69.8, 0.33
DELANO, Kern, CA05, -119.260, 35.768, 302, 65.9, 0.41
BRADLEY TELEMETERING, Monterey, CA04, -120.868, 35.930, 443, M, 0.24
KETTLEMAN CITY, Kings, CA05, -119.960, 36.007, 240, 66.6, 0.77
HAIWEE, Inyo, CA07, -117.953, 36.139, 3825, 58.8, 0.00
CORCORAN IRRIGATION DIST., Kings, CA05, -119.582, 36.098, 200, 66.4, 0.65
COALINGA, Fresno, CA05, -120.361, 36.136, 670, 67.3, 0.65
KING CITY, Monterey, CA04, -121.138, 36.207, 320, 62.8, 0.94
LINDSAY, Tulare, CA05, -119.054, 36.203, 435, 64.8, 0.72
WESTHAVEN, Fresno, CA05, -119.997, 36.227, 285, M, 1.88
BIG SUR STATION, Monterey, CA04, -121.780, 36.247, 200, 61.7, 6.23
VISALIA, Tulare, CA05, -119.300, 36.328, 303, 64.9, 0.68
FIVE POINTS 5 SSW, Fresno, CA05, -120.156, 36.364, 285, 65.9, 0.70
SAN CLEMENTE DAM, Monterey, CA04, -121.709, 36.438, 600, M, 2.00
ASH MOUNTAIN, Tulare, CA05, -118.825, 36.491, 1708, 65.6, 1.65
THREE RIVERS EDISON PH 1, Tulare, CA05, -118.862, 36.465, 1140, 64.0, 1.38
PINNACLES NATIONAL PARK, San Benito, CA04, -121.182, 36.482, 1307, 62.0, 2.17
CARMEL VALLEY, Monterey, CA04, -121.724, 36.481, 480, 62.1, 1.83
LODGEPOLE, Tulare, CA05, -118.732, 36.604, 6735, 44.3, 4.03
PANOCHE 2 W, San Benito, CA05, -120.884, 36.607, 1400, M, 1.03
SALINAS NO. 2, Monterey, CA04, -121.666, 36.659, 45, 61.5, 1.91
SALINAS AP, Monterey, CA04, -121.609, 36.664, 73, 61.9, 1.61
GRANT GROVE, Tulare, CA05, -118.962, 36.738, 6580, 48.9, 4.41
LOS BANOS ARBURUA RANCH, Merced, CA05, -120.939, 36.875, 843, M, 1.14
HOLLISTER 2, San Benito, CA04, -121.421, 36.848, 275, 61.9, 2.30
BALCH POWER HOUSE, Fresno, CA05, -119.088, 36.909, 1735, 64.4, 3.07
WATSONVILLE WATERWORKS, Santa Cruz, CA04, -121.769, 36.931, 95, 61.7, 4.21
FRIANT GOVERNMENT CAMP, Fresno, CA05, -119.707, 36.997, 410, 65.7, 1.13
MADERA, Madera, CA05, -120.038, 36.954, 270, 63.9, 0.77
WISHON DAM, Fresno, CA05, -118.984, 37.007, 6550, M, 6.16
GILROY, Santa Clara, CA04, -121.561, 37.003, 194, 64.5, 3.23
AUBERRY 2 NW, Fresno, CA05, -119.513, 37.092, 2090, 63.5, 1.74
LOS BANOS, Merced, CA05, -120.867, 37.056, 120, 66.0, 1.29
BEN LOMOND NO. 4, Santa Cruz, CA04, -122.080, 37.086, 420, 62.5, 9.62
MORGAN HILL, Santa Clara, CA04, -121.602, 37.136, 375, M, M
ASPENDELL, Inyo, CA01, -118.599, 37.232, 8470, 47.1, 0.48
HUNTINGTON LAKE, Fresno, CA05, -119.221, 37.228, 7020, M, 3.48
NORTH FORK RS, Madera, CA05, -119.510, 37.233, 2645, 58.1, 3.43
RAYMOND, Madera, CA05, -119.909, 37.210, 919, M, 1.37
LOS GATOS, Santa Clara, CA04, -121.959, 37.232, 365, 61.5, 2.76
NEWMAN, Stanislaus, CA05, -121.018, 37.281, 90, 68.2, 2.17
MOUNT HAMILTON, Santa Clara, CA04, -121.635, 37.343, 4220, 54.3, 5.51
BISHOP AIRPORT, Inyo, CA07, -118.359, 37.371, 4110, 58.9, 0.09
MOFFETT FEDERAL AIRFIELD, Santa Clara, CA04, -122.048, 37.406, 39, 63.6, 1.69
TURLOCK #2, Stanislaus, CA05, -120.846, 37.502, 103, 65.7, 2.42
PALO ALTO, Santa Clara, CA04, -122.140, 37.444, 25, 59.5, 2.62
REDWOOD CITY, San Mateo, CA04, -122.239, 37.477, 31, 62.1, 3.64
HALF MOON BAY, San Mateo, CA04, -122.443, 37.473, 27, 58.0, 4.90
SO ENTRANCE YOSEMITE N.P., Mariposa, CA05, -119.633, 37.512, 5047, 50.1, 6.78
MARIPOSA R S, Mariposa, CA05, -119.986, 37.495, 2100, M, 3.85
NEWARK, Alameda, CA04, -122.032, 37.515, 10, 62.2, 3.08
EXCHEQUER DAM, Mariposa, CA05, -120.267, 37.585, 442, M, 2.88
MODESTO AP, Stanislaus, CA05, -120.955, 37.625, 87, 66.1, 2.05
HAYWARD AIR TERMINAL, Alameda, CA04, -122.121, 37.659, 31, 63.9, 2.63
TRACY CARBONA, San Joaquin, CA05, -121.347, 37.682, 135, 62.3, 1.83
LIVERMORE MUNICIPAL AP, Alameda, CA04, -121.815, 37.693, 393, 62.9, 3.42
OAKLAND INTERNATIONAL AIRPORT, Alameda, CA04, -122.233, 37.718, 5, 63.1, 2.89
UPPER SAN LEANDRO FILTERS, Alameda, CA04, -122.167, 37.772, 394, M, 5.22
SAN FRANCISCO DOWNTOWN, San Francisco, CA04, -122.427, 37.771, 150, 62.0, 2.43
SAN FRANCISCO OCEANSIDE, San Francisco, CA04, -122.505, 37.728, 8, 59.4, 2.95
GROVELAND 2, Tuolumne, CA05, -120.226, 37.844, 2800, 55.5, 5.25
TRACY PUMPING PLANT, Alameda, CA05, -121.583, 37.796, 61, 66.2, 2.88
OAKLAND MUSEUM, Alameda, CA04, -122.264, 37.798, 30, 63.7, 3.74
TUOLUMNE MEADOWS R.S., Tuolumne, CA05, -119.344, 37.877, 8694, 38.4, 6.71
MOUNT DIABLO JUNCTION, Contra Costa, CA04, -121.930, 37.879, 2170, 59.2, 2.87
STOCKTON AP, San Joaquin, CA05, -121.226, 37.890, 27, 63.8, 2.39
RICHMOND, Contra Costa, CA04, -122.377, 37.919, 20, 64.3, 2.31
MUIR WOODS, Marin, CA01, -122.569, 37.898, 220, 58.4, 5.50
HETCH HETCHY, Tuolumne, CA05, -119.783, 37.961, 3870, 56.3, 6.47
CHERRY VALLEY DAM, Tuolumne, CA05, -119.916, 37.975, 4765, 54.9, 10.42
SONORA, Tuolumne, CA05, -120.387, 37.967, 1675, 59.4, 5.35
STOCKTON FIRE STA 4, San Joaquin, CA05, -121.318, 37.999, 12, M, 3.19
ANTIOCH PUMPING PLANT #3, Contra Costa, CA05, -121.752, 37.983, 60, 64.4, 1.03
CONCORD BUCHANAN FIELD, Contra Costa, CA04, -122.053, 37.992, 23, 64.3, 2.61
CONCORD WASTEWATER PLANT, Contra Costa, CA04, -122.069, 37.983, 40, 65.0, 2.71
SAN RAFAEL-CIVIC CENTER, Marin, CA01, -122.537, 37.998, 120, 62.2, 6.40
KENTFIELD, Marin, CA01, -122.545, 37.957, 145, 61.8, 6.44
MARTINEZ WATER PLANT, Contra Costa, CA04, -122.114, 38.013, 40, 59.9, 2.61
SAN ANDREAS 2, Calaveras, CA05, -120.671, 38.191, 1100, 62.3, 5.02
BODIE CALIFORNIA STATE HISTORIC PARK, Mono, CA03, -119.014, 38.212, 8370, 40.5, 3.35
ACAMPO 5NE, San Joaquin, CA05, -121.201, 38.218, 87, M, 4.32
NAPA COUNTY AIRPORT, Napa, CA04, -122.280, 38.208, 16, 60.7, 3.81
BRIDGEPORT, Mono, CA03, -119.229, 38.258, 6470, 45.0, 1.30
CALAVERAS BIG TREES, Calaveras, CA05, -120.311, 38.277, 4695, 49.7, 12.80
CAMP PARDEE, Calaveras, CA05, -120.843, 38.249, 658, M, 4.31
TRAVIS FIELD AFB, Solano, CA02, -121.933, 38.267, 62, 63.5, 1.47
FAIRFIELD, Solano, CA02, -122.068, 38.274, 40, 62.6, 2.65
IMPERIAL, Imperial, CA07, -115.567, 32.849, -64, 79.6, 0.00
DESCANSO RANGER STN, San Diego, CA06, -116.617, 32.850, 3500, M, 1.62
EL CAPITAN DAM, San Diego, CA06, -116.815, 32.886, 600, 74.7, 0.15
LAKESIDE 2 E, San Diego, CA06, -116.895, 32.854, 690, M, 0.17
POWAY VALLEY, San Diego, CA06, -117.031, 33.020, 648, 68.8, 0.30
JULIAN CDF, San Diego, CA06, -116.592, 33.076, 4215, 62.6, 0.31
CARLSBAD MCCLELLAN PALOMAR AP, San Diego, CA06, -117.277, 33.130, 313, 67.2, 0.06
HENSHAW DAM, San Diego, CA06, -116.761, 33.237, 2700, 61.0, 0.34
VISTA, San Diego, CA06, -117.232, 33.235, 430, 67.3, 0.04
OCEANSIDE MARINA, San Diego, CA06, -117.395, 33.210, 10, 64.5, 0.33
NILAND, Imperial, CA07, -115.524, 33.278, -60, M, 0.05
BORREGO DESERT PARK, San Diego, CA07, -116.404, 33.256, 810, 78.4, 0.00
PALOMAR MTN OBSERVATORY, San Diego, CA06, -116.840, 33.378, 5550, 61.1, 0.15
MECCA FIRE STATION, Riverside, CA07, -116.073, 33.570, -183, 79.2, 0.31
LAGUNA BEACH, Orange, CA06, -117.781, 33.545, 44, M, 0.35
BLYTHE ASOS, Riverside, CA07, -114.715, 33.619, 395, 79.0, 0.14
DESERT RESORTS REGIONAL AP, Riverside, CA07, -116.164, 33.632, -118, 76.1, 0.31
SONOMA, Sonoma, CA01, -122.462, 38.299, 97, 61.0, 5.17
SUTTER HILL CDF, Amador, CA05, -120.801, 38.377, 1586, 62.0, 6.36
WEST POINT, Calaveras, CA05, -120.545, 38.378, 2775, M, 8.40
ATLAS ROAD BROWN, Napa, CA01, -122.248, 38.427, 1680, M, 6.32
GRATON, Sonoma, CA01, -122.865, 38.431, 200, 60.1, 7.30
OCCIDENTAL, Sonoma, CA01, -122.966, 38.386, 865, 59.0, 10.25
FIDDLETOWN DEXTER RCH, Amador, CA05, -120.698, 38.525, 2170, M, 10.01
SACRAMENTO AP ASOS, Sacramento, CA02, -121.496, 38.507, 19, 62.8, 4.72
WINTERS, Yolo, CA02, -121.978, 38.525, 135, 62.6, 2.18
LAKE SOLANO, Solano, CA02, -122.004, 38.492, 187, 62.3, 2.32
SAINT HELENA, Napa, CA01, -122.471, 38.507, 225, 62.0, 5.89
SAINT HELENA 4 WSW, Napa, CA01, -122.538, 38.493, 1780, M, 8.74
FORT ROSS, Sonoma, CA01, -123.245, 38.515, 112, 54.2, 7.82
SACRAMENTO 5 ESE, Sacramento, CA02, -121.418, 38.555, 38, 64.4, 4.41
ANGWIN PACIFIC UNION COLLEGE, Napa, CA01, -122.440, 38.573, 1715, 57.2, 7.91
CALISTOGA, Napa, CA01, -122.578, 38.577, 350, 60.9, 8.05
VENADO, Sonoma, CA01, -123.018, 38.609, 1260, M, 17.99
WOODLAND 1 WNW, Yolo, CA02, -121.794, 38.683, 67, 64.5, 2.00
PLACERVILLE, El Dorado, CA02, -120.824, 38.696, 1850, M, 10.58
SACRAMENTO METROPOLITAN AP, Sacramento, CA02, -121.595, 38.701, 24, 62.4, 2.63
PACIFIC HOUSE, El Dorado, CA02, -120.503, 38.758, 3450, 51.6, 14.61
MIDDLETOWN, Lake, CA02, -122.626, 38.748, 1121, M, 9.32
CLOVERDALE, Sonoma, CA01, -123.026, 38.793, 400, 63.4, 8.34
KELSEY 1 N, El Dorado, CA02, -120.821, 38.809, 2000, M, 9.38
SOUTH LAKE TAHOE AP, El Dorado, CA03, -119.996, 38.898, 6257, 46.3, 7.30
GEORGETOWN RS, El Dorado, CA02, -120.801, 38.933, 3001, 57.0, 13.32
AUBURN, Placer, CA02, -121.084, 38.907, 1292, 61.1, 3.13
NICOLAUS #2, Sutter, CA02, -121.545, 38.926, 43, M, 2.52
YORKVILLE, Mendocino, CA01, -123.231, 38.905, 1100, M, 9.47
CLEARLAKE 4 SE, Lake, CA02, -122.567, 38.924, 1349, M, 0.00
FORESTHILL RANGER STATION, Placer, CA02, -120.845, 39.010, 3015, M, 14.71
HELL HOLE, Placer, CA02, -120.415, 39.058, 4850, M, 6.90
MARYSVILLE AIRPORT (ASOS), Yuba, CA02, -121.569, 39.102, 62, 62.6, 2.78
UKIAH MUNICIPAL AP, Mendocino, CA01, -123.200, 39.128, 603, 59.5, 6.31
UKIAH 4 WSW, Mendocino, CA01, -123.272, 39.127, 1328, M, 7.49
GOLD RUN 4 SW, Placer, CA02, -120.900, 39.150, 3220, M, 12.99
WILLIAMS, Colusa, CA02, -122.150, 39.150, 85, M, 9.92
GRASS VALLEY NO. 2, Nevada, CA02, -121.068, 39.204, 2400, 55.9, 10.29
HARRY L. ENGLEBRIGHT DAM, Nevada, CA02, -121.267, 39.237, 800, M, 6.90
COLUSA 2 SSW, Colusa, CA02, -122.027, 39.188, 50, 63.0, 1.90
BLUE CANYON NYACK AP, Placer, CA02, -120.709, 39.276, 5286, 50.3, 17.41
NEVADA CITY, Nevada, CA02, -121.001, 39.247, 2781, 54.7, 12.14
TRUCKEE AIRPORT, Nevada, CA03, -120.139, 39.320, 5900, 44.8, 6.69
TRUCKEE RS, Nevada, CA03, -120.173, 39.333, 5823, M, 0.00
COLGATE POWERHOUSE, Yuba, CA02, -121.192, 39.331, 595, M, 8.41
MOULTON WEIR, Colusa, CA02, -122.017, 39.333, 76, M, 1.47
BOCA, Nevada, CA03, -120.094, 39.389, 5575, 45.6, 5.74
POTTER VALLEY POWERHOUSE, Mendocino, CA01, -123.129, 39.362, 1018, 59.3, 7.09
FARAD, Nevada, CA03, -120.033, 39.428, 5153, M, 4.97
BOWMAN DAM, Nevada, CA02, -120.656, 39.454, 5385, 48.9, 18.28
OROVILLE, Butte, CA02, -121.553, 39.518, 171, 59.0, 6.63
OROVILLE MUNICIPAL AP, Butte, CA02, -121.622, 39.494, 187, 63.3, 3.24
SIERRAVILLE RS, Sierra, CA02, -120.370, 39.583, 4975, 47.3, 7.03
DOWNIEVILLE, Sierra, CA02, -120.824, 39.563, 2915, 52.7, 15.70
STRAWBERRY VALLEY, Yuba, CA02, -121.108, 39.563, 3808, 50.9, 17.39
STONY GORGE RESERVOIR, Glenn, CA02, -122.534, 39.586, 800, 59.9, 1.56
BRUSH CREEK RANGER STATION, Butte, CA02, -121.345, 39.695, 3560, M, 11.17
PARADISE, Butte, CA02, -121.624, 39.754, 1750, 60.7, 12.15
VINTON, Plumas, CA02, -120.186, 39.806, 4950, 48.4, 4.34
PORTOLA, Plumas, CA02, -120.472, 39.805, 4850, 46.9, 4.43
DE SABLA, Butte, CA02, -121.611, 39.872, 2710, 55.5, 13.69
BUCKS CREEK, Plumas, CA02, -121.315, 39.937, 1891, M, 12.70
DOYLE 4 SSE, Lassen, CA03, -120.083, 39.972, 4390, 51.3, 3.58
DOYLE, Lassen, CA03, -120.105, 40.027, 4293, M, 3.89
CANYON DAM, Plumas, CA02, -121.089, 40.171, 4560, 48.9, 7.68
MIRANDA 4 SE, Humboldt, CA01, -123.776, 40.182, 266, M, 49.99
FORT SEWARD, Humboldt, CA01, -123.632, 40.218, 220, M, 12.28
HONEYDEW 1 SW, Humboldt, CA01, -124.132, 40.238, 373, M, 21.73
CHESTER, Plumas, CA02, -121.242, 40.303, 4530, 47.5, 5.82
MINERAL, Tehama, CA02, -121.609, 40.346, 4875, 44.0, 14.32
COLEMAN FISHERIES STATION, Shasta, CA02, -122.143, 40.400, 420, M, 7.85
VOLTA PH, Shasta, CA02, -121.866, 40.458, 2220, M, 7.04
SCOTIA, Humboldt, CA01, -124.104, 40.483, 136, 59.6, 10.39
MANZANITA LAKE, Shasta, CA02, -121.577, 40.541, 5750, 45.2, 8.61
WHISKEYTOWN RESERVOIR, Shasta, CA02, -122.528, 40.612, 1295, 59.3, 11.58
SHASTA DAM, Shasta, CA02, -122.416, 40.714, 1075, 60.6, 13.08
TRINITY RIVER HATCHERY, Trinity, CA01, -122.795, 40.726, 1861, 54.7, 7.56
BUCKHORN, Shasta, CA02, -121.932, 40.880, 3700, M, 16.08
HAT CREEK, Shasta, CA02, -121.543, 40.932, 3015, 50.7, 2.46
PIT RIVER PH 5, Shasta, CA02, -121.977, 40.987, 1458, M, 26.98
WILLOW CREEK 1 NW, Humboldt, CA01, -123.636, 40.947, 464, 57.4, 11.05
FALL RIVER MILLS, Shasta, CA02, -121.435, 41.008, 3300, M, 2.91
COFFEE CREEK RS, Trinity, CA01, -122.709, 41.089, 2503, M, 13.87
ADIN RANGER STATION, Modoc, CA02, -120.945, 41.193, 4202, M, 2.51
DUNSMUIR TREATMENT PL, Siskiyou, CA02, -122.282, 41.183, 2169, 51.4, 15.35
JESS VALLEY, Modoc, CA02, -120.295, 41.268, 5400, 47.3, 2.30
MCCLOUD, Siskiyou, CA02, -122.138, 41.252, 3233, 49.6, 14.42
ORICK, Humboldt, CA01, -124.067, 41.283, 5, M, 4.84
CALLAHAN, Siskiyou, CA01, -122.825, 41.338, 3085, 50.6, 7.01
SAWYERS BAR RS, Siskiyou, CA01, -123.133, 41.301, 2255, 61.0, 12.31
ORLEANS RS, Humboldt, CA01, -123.534, 41.303, 433, M, 11.28
ALTURAS, Modoc, CA02, -120.544, 41.490, 4378, 46.5, 1.53
FORT JONES RS, Siskiyou, CA01, -122.848, 41.601, 2729, 48.1, 6.19
LAVA BEDS NAT MON, Siskiyou, CA01, -121.501, 41.702, 4770, 45.8, 3.19
MOUNT HEBRON RS, Siskiyou, CA01, -122.045, 41.783, 4265, M, 2.83
CRESCENT CITY MCNAMARA AP, Del Norte, CA01, -124.238, 41.784, 56, 56.3, 18.68
OAK KNOLL W. C., Siskiyou, CA01, -122.850, 41.839, 1980, M, 6.67
FORT BIDWELL, Modoc, CA03, -120.157, 41.872, 4739, 50.1, 2.25
GASQUET RS, Del Norte, CA01, -123.965, 41.845, 387, M, 27.06
FORT DICK RIVER, Del Norte, CA01, -124.135, 41.881, -, M, 25.12
TULELAKE, Siskiyou, CA01, -121.474, 41.960, 4038, 47.0, 1.46
COPCO NO 1 DAM, Siskiyou, CA01, -122.338, 41.980, 2665, 51.9, 6.97
ELK VALLEY, Del Norte, CA01, -123.718, 41.988, 1708, M, 24.51
BARSTOW, San Bernardino, CA07, -117.022, 34.893, 2220, 67.5, 0.86
PEARBLOSSOM, Los Angeles, CA07, -117.897, 34.503, 3101, 66.0, 0.07
EL CAJON, San Diego, CA06, -116.928, 32.801, 495, 70.3, 0.15
MARKLEY COVE, Napa, CA02, -122.124, 38.492, 480, 60.3, 3.39
LORAINE 5 NNE, Kern, CA05, -118.412, 35.384, 4235, 58.3, 0.48
LEMON GROVE FIRE DEPARTMENT, San Diego, CA06, -117.030, 32.738, 427, M, 0.04
LEE VINING, Mono, CA07, -119.119, 37.957, 6797, 51.4, 2.07
ANAHEIM, Orange, CA06, -117.842, 33.865, 235, 72.5, 1.07
NEW MELONES DAM HQ, Tuolumne, CA05, -120.486, 38.005, 960, 63.8, 5.44
MAMMOTH LAKES RS, Mono, CA07, -118.962, 37.648, 7804, 46.8, 7.91
FRAZIER PARK 9 SW, Ventura, CA05, -119.104, 34.733, 5169, M, 0.00
MONTEREY WFO, Monterey, CA04, -121.855, 36.593, 122, 60.1, 2.73
SKYLINE RIDGE PRESERVE, San Mateo, CA04, -122.185, 37.313, 2270, 57.8, 6.43
FREMONT, Alameda, CA04, -122.016, 37.542, 38, 62.9, 3.25
MAD RIVER 12 SE, Trinity, CA01, -123.374, 40.319, 2763, M, 16.02
TEHACHAPI 4 SE, Kern, CA05, -118.422, 35.101, 4220, 56.1, 0.60
WRIGHTWOOD, San Bernardino, CA07, -117.639, 34.362, 6000, M, 0.00
VALLEJO, Solano, CA01, -122.187, 38.100, 341, 64.6, 2.63
NORTHRIDGE CAL STATE, Los Angeles, CA06, -118.525, 34.245, 904, M, 0.50
OXNARD WFO, Ventura, CA06, -119.137, 34.207, 52, 65.8, 0.47
HANFORD MUNICIPAL AP, Kings, CA05, -119.623, 36.311, 249, 64.9, 0.64
RAMONA AIRPORT, San Diego, CA06, -116.916, 33.038, 1385, 65.1, 0.18
VACAVILLE/NUT TREE AP ASOS, Solano, CA02, -121.959, 38.378, 104, 62.8, 3.15
ALTURAS MUNICIPAL AP, Modoc, CA02, -120.561, 41.484, 4383, 48.3, 1.47
MADERA MUNICIPAL AP, Madera, CA05, -120.111, 36.985, 251, 64.7, 0.62
BAKERSFIELD 5 NW, Kern, CA05, -119.051, 35.419, 470, 67.1, 0.26
FRESNO 5 NE, Fresno, CA05, -119.709, 36.767, 338, 70.3, 1.99
OCEANSIDE MUNICIPAL AP, San Diego, CA06, -117.350, 33.219, 30, 64.9, 0.33
SAN DIEGO SEAWORLD, San Diego, CA06, -117.231, 32.765, 14, 65.8, 0.02
ARCATA EUREKA AP, Humboldt, CA01, -124.105, 40.978, 211, 56.2, 12.03
NEWPORT BEACH HARBOR, Orange, CA06, -117.884, 33.603, 10, 66.6, 0.45
ESCONDIDO NO. 2, San Diego, CA06, -117.090, 33.121, 600, 70.1, 0.05
REDDING AP, Shasta, CA02, -122.298, 40.515, 501, 61.5, 7.78
AVALON CATALINA AP, Los Angeles, CA06, -118.415, 33.404, 1565, 66.0, 0.24
SANTA MARIA PUBLIC AP, Santa Barbara, CA06, -120.452, 34.894, 243, 62.4, 1.28
MOUNT SHASTA, Siskiyou, CA02, -122.333, 41.333, 3535, 49.8, 11.87
RED BLUFF MUNI AP, Tehama, CA02, -122.255, 40.152, 354, 62.6, 3.48
NEEDLES AIRPORT, San Bernardino, CA07, -114.618, 34.768, 888, 80.0, T
CHINA LAKE NAF, Kern, CA07, -117.693, 35.688, 2230, 66.4, 0.13
HEARST CASTLE, San Luis Obispo, CA04, -121.168, 35.684, 1526, 63.2, 2.44
GETTY CENTER, Los Angeles, CA06, -118.479, 34.087, 1117, M, 0.21
HESPERIA 2E, San Bernardino, CA07, -117.266, 34.421, 3055, 66.0, 0.60
RANCHO BERNARDO, San Diego, CA06, -117.081, 33.022, 690, 68.5, 0.03
APPLE VALLEY #2, San Bernardino, CA07, -117.279, 34.536, 2780, M, 0.00
OCOTILLO WELLS 2W, San Diego, CA07, -116.169, 33.155, 390, 80.6, 0.00
IRVINE RANCH, Orange, CA06, -117.723, 33.720, 540, 70.9, 1.04
MT. LAGUNA #3, San Diego, CA07, -116.419, 32.867, 5920, 60.0, 0.08
AVALON INLAND, Los Angeles, CA06, -118.330, 33.338, 90, 60.5, 0.02
TORRANCE AP, Los Angeles, CA06, -118.342, 33.802, 90, 67.6, 0.28
MERCED 23 WSW, Merced, CA05, -120.882, 37.238, 78, 62.3, 2.08
REDDING 12 WNW, Shasta, CA02, -122.607, 40.651, 1418, 58.3, 10.64
STOVEPIPE WELLS 1 SW, Inyo, CA07, -117.145, 36.602, 84, 78.9, 0.00
RED BLUFF 2.8 N, Tehama, CA02, -122.243, 40.215, 406, M, 4.57
LOS ANGELES DOWNTOWN/USC, Los Angeles, CA06, -118.291, 34.024, 179, 70.0, 0.52
FRESNO YOSEMITE INT'L, Fresno, CA05, -119.720, 36.780, 334, 66.4, 0.67
MONTEREY PENINSUL AP, Monterey, CA04, -121.849, 36.590, 160, 59.7, 2.83
PASO ROBLES MUNICIPAL AP, San Luis Obispo, CA04, -120.629, 35.669, 820, 61.8, 1.39
MONTAGUE SISKIYOU AIRPORT, Siskiyou, CA01, -122.468, 41.774, 2645, 51.0, 4.18
SAN JOSE, Santa Clara, CA04, -121.924, 37.359, 49, 64.8, 1.56
PALM SPRINGS ASOS, Riverside, CA07, -116.504, 33.822, 409, 77.9, 0.09
FILLMORE 2 W, Ventura, CA06, -118.945, 34.409, 495, M, 0.73
SAN DIEGO BROWN FIELD, San Diego, CA06, -116.994, 32.576, 521, 68.3, 0.01
Bakersfield Area, -, -, -, -, -, 68.0, 0.24
Bishop Area, -, -, -, -, -, 58.9, 0.09
Los Angeles Downtown Area, -, -, -, -, -, 70.0, 0.52
Eureka Area, -, -, -, -, -, 57.1, 10.92
Fresno Area, -, -, -, -, -, 66.4, 0.67
Los Angeles Airport Area, -, -, -, -, -, 68.3, 0.36
Long Beach Area, -, -, -, -, -, 69.7, 0.41
Redding Area, -, -, -, -, -, 61.5, 7.78
Sacramento Area, -, -, -, -, -, 62.8, 4.72
San Diego Area, -, -, -, -, -, 70.6, 0.07
Stockton Area, -, -, -, -, -, 63.8, 2.39
San Francisco Airport Area, -, -, -, -, -, 63.4, 2.78
Santa Maria Area, -, -, -, -, -, 62.4, 1.28
CAMP PENDLETON MCAS, San Diego, CA06, -117.355, 33.304, 70, 65.3, 0.18
LEMOORE REEVES NAS, Fresno, CA05, -119.950, 36.333, 232, 65.0, 0.59
COTTONWOOD 3.9 SW, Tehama, CA02, -122.342, 40.358, 447, M, 5.80
ARVIN, Kern, CA05, -118.834, 35.211, 450, 67.6, 0.56
CHIRIACO SUMMIT, Riverside, CA07, -115.721, 33.662, 1706, 73.6, 0.10
EDWARDS AFB NORTH AUXILIARY AIRFIELD, Kern, CA07, -117.865, 34.988, 2283, 65.1, 0.07
MOJAVE NTPS, Kern, CA07, -118.173, 35.056, 2827, M, 0.00
FALLBROOK 5 NE, San Diego, CA06, -117.190, 33.439, 1140, 70.5, 0.33
SANTA BARBARA 11 W, Santa Barbara, CA06, -119.880, 34.414, 18, 61.4, 0.63
BODEGA 6 WSW, Sonoma, CA01, -123.075, 38.321, 63, 56.4, 5.02
YOSEMITE VILLAGE 12 W, Mariposa, CA05, -119.821, 37.759, 6620, 49.9, 9.26
YUCCA MESA, San Bernardino, CA07, -116.407, 34.218, 3445, 68.5, 0.05
YUCCA VALLEY, San Bernardino, CA07, -116.388, 34.129, 3249, 66.9, 0.28
JOHNSON VALLEY, San Bernardino, CA07, -116.538, 34.359, 3167, 65.5, 0.63
COARSEGOLD 4SE, Madera, CA05, -119.690, 37.212, 2218, M, 2.19
TWENTYNINE PALMS 12E - WONDER VALLEY, San Bernardino, CA07, -115.850, 34.121, 1376, 74.2, 0.20
MORONGO VALLEY NORTH, San Bernardino, CA07, -116.562, 34.086, 3145, 68.8, 0.46
SHAFTER 6E, Kern, CA05, -119.146, 35.487, 404, 63.9, 0.42
TRUCKEE-TAHOE AP, Nevada, CA03, -120.145, 39.318, 5900, 44.8, 6.69
REDONDO BEACH, Los Angeles, CA06, -118.376, 33.834, 142, 66.4, 0.47
GRAPEVINE CHP, Kern, CA05, -118.938, 34.961, 1358, M, 0.40
THREE RIVERS MUSEUM, Tulare, CA05, -118.896, 36.451, 856, M, 1.30
PACHECO PASS WIND FARM, Merced, CA05, -121.183, 37.033, 1448, M, 1.00
AVENAL T.E.S., Kings, CA05, -120.118, 35.998, 787, M, 0.90
OAKHURST MADERA SHERIFF STATION, Madera, CA05, -119.668, 37.341, 2363, M, 3.20
FRESNO 3NW, Madera, CA05, -119.801, 36.909, 380, M, 0.84
BURBANK VALLEY PUMP PLANT, Los Angeles, CA06, -118.348, 34.187, 655, 68.2, 0.24
PIEDMONT 1.0 SE, Alameda, CA04, -122.216, 37.812, 372, M, 4.48
CASTRO VALLEY 0.4 NNE, Alameda, CA04, -122.059, 37.717, 536, M, 5.03
PLEASANTON 1.8 SSE, Alameda, CA04, -121.875, 37.648, 351, M, 5.46
FREMONT 2.6 ESE, Alameda, CA04, -121.952, 37.515, 30, M, 2.91
PLEASANTON 0.4 ESE, Alameda, CA04, -121.881, 37.670, 344, M, 5.23
VOLCANO 5.4 NE, Amador, CA05, -120.560, 38.497, 3488, M, 12.52
VOLCANO 6.4 NE, Amador, CA05, -120.536, 38.499, 3659, M, 12.23
OROVILLE 2.7 ENE, Butte, CA02, -121.518, 39.514, 535, M, 4.56
MARTINEZ 0.8 SSE, Contra Costa, CA04, -122.108, 37.990, 252, M, 3.26
WALNUT CREEK 1.7 SSE, Contra Costa, CA04, -122.034, 37.878, 243, M, 3.82
LAFAYETTE 0.7 E, Contra Costa, CA04, -122.104, 37.894, 248, M, 4.11
LAFAYETTE 1.9 WSW, Contra Costa, CA04, -122.153, 37.888, 518, M, 4.69
MARTINEZ 2.2 SW, Contra Costa, CA04, -122.138, 37.974, 692, M, 3.35
ANTIOCH 2.2 WSW, Contra Costa, CA05, -121.838, 37.979, 178, M, 2.82
CONCORD 0.8 WNW, Contra Costa, CA04, -122.013, 37.978, 124, M, 3.45
WALNUT CREEK 1.4 SSE, Contra Costa, CA04, -122.028, 37.885, 277, M, 3.81
CRESCENT CITY 5.5 NNE, Del Norte, CA01, -124.148, 41.824, 65, M, 25.27
PLACERVILLE 3.7 SW, El Dorado, CA02, -120.849, 38.695, 1755, M, 7.22
CLOVIS 2.9 N, Fresno, CA05, -119.693, 36.861, 382, M, 0.96
TOLLHOUSE 6.2 SSE, Fresno, CA05, -119.359, 36.934, 1397, M, 2.16
SANGER 6.8 N, Fresno, CA05, -119.553, 36.798, 418, M, 0.91
HELM 2.7 NNE, Fresno, CA05, -120.089, 36.570, 183, M, 0.58
ARCATA 1.1 NE, Humboldt, CA01, -124.069, 40.881, 420, M, 11.60
MCKINLEYVILLE 2.7 SE, Humboldt, CA01, -124.084, 40.923, 325, M, 11.50
MCKINLEYVILLE 7.3 ESE, Humboldt, CA01, -123.998, 40.896, 366, M, 10.65
TRINIDAD 1.5 NNW, Humboldt, CA01, -124.152, 41.078, 201, M, 14.01
HONEYDEW 3.1 WNW, Humboldt, CA01, -124.182, 40.252, 316, M, 9.33
MCKINLEYVILLE 2.3 NE, Humboldt, CA01, -124.086, 40.978, 270, M, 12.73
FORTUNA 1.5 NW, Humboldt, CA01, -124.161, 40.600, 98, M, 8.78
MIRANDA 4.1 SW, Humboldt, CA01, -123.894, 40.209, 539, M, 19.61
BAYVIEW 0.8 SE, Humboldt, CA01, -124.166, 40.756, 176, M, 8.63
FORTUNA 1.3 S, Humboldt, CA01, -124.136, 40.567, 195, M, 7.59
ARCATA 1.4 NNE, Humboldt, CA01, -124.072, 40.887, 289, M, 10.79
WILLOW CREEK 4.5 NNE, Humboldt, CA01, -123.624, 40.939, 655, M, 10.32
BRIDGEVILLE 5.2 ENE, Humboldt, CA01, -123.701, 40.473, 2675, M, 14.72
FORTUNA 0.1 NW, Humboldt, CA01, -124.141, 40.587, 65, M, 8.51
GARBERVILLE 2.2 SW, Humboldt, CA01, -123.824, 40.077, 415, M, 16.17
GARBERVILLE 2.9 SW, Humboldt, CA01, -123.830, 40.068, 389, M, 17.04
KNEELAND 4.8 WNW, Humboldt, CA01, -124.080, 40.790, 106, M, 10.20
EUREKA 2.2 S, Humboldt, CA01, -124.148, 40.764, 194, M, 10.42
SHELTER COVE 1.2 ENE, Humboldt, CA01, -124.052, 40.037, 1107, M, 4.00
BISHOP 8.5 WSW, Inyo, CA07, -118.540, 37.323, 6002, M, 0.54
BISHOP 1.7 NW, Inyo, CA07, -118.414, 37.388, 4181, M, 0.13
LEMOORE 0.9 ESE, Kings, CA05, -119.772, 36.293, 223, M, 0.70
LEMOORE 0.3 SW, Kings, CA05, -119.791, 36.295, 223, M, 0.70
HANFORD 3.6 N, Kings, CA05, -119.653, 36.377, 258, M, 0.74
HANFORD 1.7 WNW, Kings, CA05, -119.674, 36.335, 245, M, 0.69
INYOKERN 9.4 WSW, Kern, CA07, -117.978, 35.635, 4319, M, 0.29
PINE MOUNTAIN CLUB 0.9 SSW, Kern, CA05, -119.163, 34.835, 6017, M, 0.67
ONYX 2.8 ENE, Kern, CA05, -118.174, 35.702, 3039, M, 0.34
GLENDALE 2.4 WSW, Los Angeles, CA06, -118.295, 34.169, 511, M, 0.29
TORRANCE 2.8 SW, Los Angeles, CA06, -118.337, 33.790, 200, M, 0.40
MONTE NIDO 0.2 SSW, Los Angeles, CA06, -118.687, 34.079, 682, M, 0.28
SHERMAN OAKS 1.7 ENE, Los Angeles, CA06, -118.420, 34.154, 638, M, 0.26
WHITTIER 2.9 WNW, Los Angeles, CA06, -118.066, 33.986, 171, M, 0.45
REDONDO BEACH 2.6 S, Los Angeles, CA06, -118.377, 33.819, 117, M, 0.46
CANYON COUNTRY 2.6 E, Los Angeles, CA06, -118.427, 34.427, 1617, M, 0.24
ARCADIA 2.1 NNE, Los Angeles, CA06, -118.028, 34.162, 652, M, 0.22
LAKEPORT 4.5 N, Lake, CA02, -122.909, 39.107, 1437, M, 5.47
MIDDLETOWN 3.3 SSE, Lake, CA02, -122.603, 38.706, 1273, M, 9.82
LOWER LAKE 4.0 SE, Lake, CA02, -122.564, 38.865, 1585, M, 7.12
SUSANVILLE 3.2 SSW, Lassen, CA03, -120.674, 40.368, 4353, M, 5.70
OAKHURST 7.5 N, Madera, CA05, -119.632, 37.442, 4274, M, 7.64
UKIAH 8.4 NW, Mendocino, CA01, -123.331, 39.221, 2492, M, 8.33
BOONVILLE 2.2 WSW, Mendocino, CA01, -123.408, 39.006, 1061, M, 8.59
ELK 1.8 NNE, Mendocino, CA01, -123.706, 39.105, 147, M, 7.32
UKIAH 1.2 NW, Mendocino, CA01, -123.225, 39.158, 746, M, 7.03
UKIAH 0.6 ESE, Mendocino, CA01, -123.199, 39.141, 601, M, 5.73
REDWOOD VALLEY 1.5 ENE, Mendocino, CA01, -123.178, 39.272, 912, M, 5.11
UKIAH 4.3 S, Mendocino, CA01, -123.219, 39.083, 691, M, 6.89
LAYTONVILLE 1.1 SW, Mendocino, CA01, -123.490, 39.672, 1647, M, 15.56
POINT ARENA 4.8 ESE, Mendocino, CA01, -123.610, 38.883, 1048, M, 9.26
LEE VINING 5.9 NW, Mono, CA03, -119.170, 38.034, 7094, M, 2.95
MARIPOSA 3.7 NNW, Mariposa, CA05, -119.988, 37.540, 2942, M, 3.34
MARIPOSA 12.5 E, Mariposa, CA05, -119.742, 37.461, 2952, M, 5.69
LA GRANGE 7.8 ESE, Mariposa, CA05, -120.327, 37.635, 1114, M, M
CATHEYS VALLEY 1.2 S, Mariposa, CA05, -120.100, 37.415, 1172, M, 2.24
WOODACRE 0.6 SW, Marin, CA01, -122.635, 38.005, 439, M, 8.29
NOVATO 4.8 WNW, Marin, CA01, -122.644, 38.106, 246, M, 5.17
SAN ANSELMO 0.4 NE, Marin, CA01, -122.564, 37.987, 107, M, 7.64
IGNACIO 0.6 SW, Marin, CA01, -122.546, 38.065, 57, M, 5.76
NOVATO 1.4 WNW, Marin, CA01, -122.580, 38.102, 23, M, M
PETALUMA 10.1 W, Marin, CA01, -122.812, 38.248, 119, M, 5.97
TOMALES 1.3 ENE, Marin, CA01, -122.883, 38.251, 128, M, 5.35
MILL VALLEY 1.5 S, Marin, CA01, -122.544, 37.886, 209, M, 3.89
LOCKWOOD 3.6 NW, Monterey, CA04, -121.117, 35.981, 1181, M, 1.21
KING CITY 13.2 S, Monterey, CA04, -121.174, 36.025, 1104, M, 1.25
CASTROVILLE 1.6 ENE, Monterey, CA04, -121.728, 36.776, 18, M, 3.51
PACIFIC GROVE 1.5 SSW, Monterey, CA04, -121.932, 36.602, 280, M, 3.12
BIG SUR 3.2 SE, Monterey, CA04, -121.769, 36.236, 739, M, 5.03
AROMAS 2.0 SSW, Monterey, CA04, -121.650, 36.850, 344, M, 4.97
CARMEL VALLEY VILLAGE 0.7 SSE, Monterey, CA04, -121.720, 36.476, 446, M, 1.77
CASTROVILLE 1.6 ENE, Monterey, CA04, -121.727, 36.777, 17, M, 3.42
MARINA 0.8 SSE, Monterey, CA04, -121.784, 36.673, 118, M, 2.49
BIG SUR 9.5 NNW, Monterey, CA04, -121.869, 36.398, 1100, M, 5.75
SALINAS 5.9 SSW, Monterey, CA04, -121.671, 36.604, 361, M, 1.83
CALISTOGA 0.4 SSE, Napa, CA01, -122.578, 38.576, 348, M, 7.65
ST. HELENA 1.1 S, Napa, CA01, -122.462, 38.489, 248, M, 6.85
AMERICAN CANYON 0.3 S, Napa, CA01, -122.260, 38.169, 37, M, 3.31
NEVADA CITY 3.4 NNW, Nevada, CA02, -121.040, 39.307, 2390, M, 10.31
KINGVALE 1.3 WSW, Nevada, CA02, -120.452, 39.317, 6035, M, 17.16
ALTA SIERRA 1.3 S, Nevada, CA02, -121.057, 39.104, 2154, M, 5.48
LAKE OF THE PINES 1.0 WSW, Nevada, CA02, -121.077, 39.032, 1576, M, 7.26
ALTA SIERRA 0.4 WSW, Nevada, CA02, -121.060, 39.120, 2303, M, 9.50
NEVADA CITY 5.4 W, Nevada, CA02, -121.121, 39.268, 1982, M, 8.34
ALTA SIERRA 1.4 SSW, Nevada, CA02, -121.058, 39.103, 2057, M, 9.38
ORANGE 3.5 ENE, Orange, CA06, -117.770, 33.829, 811, M, 0.85
LAGUNA NIGUEL 0.9 W, Orange, CA06, -117.720, 33.528, 477, M, 0.38
SILVERADO 1.0 ESE, Orange, CA06, -117.620, 33.746, 1394, M, 0.84
LAGUNA BEACH 3.2 SSE, Orange, CA06, -117.739, 33.498, 194, M, 0.49
COSTA MESA 1.6 SE, Orange, CA06, -117.892, 33.652, 71, M, 0.84
NEWPORT BEACH 3.1 ESE, Orange, CA06, -117.865, 33.589, 84, M, 0.68
MISSION VIEJO 1.3 SSE, Orange, CA06, -117.644, 33.595, 704, M, 0.38
ANAHEIM 4.9 ENE, Orange, CA06, -117.792, 33.863, 298, M, 0.66
SODA SPRINGS 1.5 SSW, Placer, CA02, -120.384, 39.302, 6887, M, 19.25
ROSEVILLE 4.7 WNW, Placer, CA02, -121.377, 38.780, 96, M, 3.90
PENRYN 0.4 SE, Placer, CA02, -121.158, 38.847, 610, M, 5.91
COLFAX 3.1 SW, Placer, CA02, -120.991, 39.061, 2077, M, 10.07
NEWCASTLE 1.6 SSE, Placer, CA02, -121.123, 38.851, 800, M, 6.88
LINCOLN 4.3 SSE, Placer, CA02, -121.284, 38.842, 172, M, 5.42
IDYLLWILD 1.8 NW, Riverside, CA06, -116.735, 33.763, 6325, M, 1.00
HEMET 4.1 ENE, Riverside, CA06, -116.920, 33.753, 1698, M, 0.38
CORONA 12.8 SE, Riverside, CA06, -117.428, 33.731, 1404, M, 0.41
LAKE ELSINORE 3.5 WSW, Riverside, CA06, -117.381, 33.657, 1356, M, 0.20
NORCO 1.2 S, Riverside, CA06, -117.548, 33.908, 661, M, 0.72
PERRIS 8.5 WNW, Riverside, CA06, -117.365, 33.826, 1639, M, 0.51
BEAUMONT 2.5 NW, Riverside, CA06, -117.012, 33.954, 2532, M, 0.39
RIVERSIDE 3.8 NW, Riverside, CA06, -117.454, 33.979, 841, M, 0.72
NORCO 2.3 SE, Riverside, CA06, -117.518, 33.906, 1091, M, 0.85
RIVERSIDE 2.6 E, Riverside, CA06, -117.353, 33.935, 1301, M, 1.13
CARMICHAEL 1.6 SW, Sacramento, CA02, -121.340, 38.617, 102, M, 4.23
SACRAMENTO 8.0 NE, Sacramento, CA02, -121.361, 38.635, 95, M, 5.29
CARMICHAEL 0.9 NE, Sacramento, CA02, -121.306, 38.643, 130, M, 5.53
CARMICHAEL 1.4 W, Sacramento, CA02, -121.345, 38.638, 109, M, 4.93
FOLSOM 1.2 SSE, Sacramento, CA02, -121.140, 38.660, 362, M, 6.96
CARMICHAEL 0.9 S, Sacramento, CA02, -121.319, 38.621, 108, M, 5.67
SACRAMENTO 2.0 SE, Sacramento, CA02, -121.437, 38.550, 34, M, 4.65
FOLSOM 0.6 NE, Sacramento, CA02, -121.138, 38.682, 399, M, 6.70
LA RIVIERA 1.0 NE, Sacramento, CA02, -121.340, 38.575, 64, M, 5.57
GOLETA 3.7 WNW, Santa Barbara, CA06, -119.896, 34.440, 158, M, 0.91
MOUNTAIN VIEW 1.2 S, Santa Clara, CA04, -122.075, 37.385, 109, M, 1.92
SAN JOSE 4.6 S, Santa Clara, CA04, -121.836, 37.238, 158, M, 2.37
SUNNYVALE 1.9 SE, Santa Clara, CA04, -122.004, 37.365, 85, M, 1.71
SAN JOSE 5.4 SW, Santa Clara, CA04, -121.775, 37.305, 223, M, 2.22
MONTE SERENO 0.4 SSW, Santa Clara, CA04, -121.990, 37.232, 467, M, 3.60
SAN JOSE 4.6 NE, Santa Clara, CA04, -121.795, 37.354, 318, M, 2.02
SAN JOSE 2.7 SSW, Santa Clara, CA04, -121.876, 37.271, 162, M, 2.32
CAMBRIAN PARK 2.2 SE, Santa Clara, CA04, -121.897, 37.234, 252, M, 2.65
SAN JOSE 3.5 ENE, Santa Clara, CA04, -121.789, 37.319, 200, M, 2.45
SAN JOSE 2.3 SSW, Santa Clara, CA04, -121.866, 37.273, 161, M, 1.68
SARATOGA 0.5 N, Santa Clara, CA04, -122.023, 37.275, 373, M, 2.61
PALO ALTO 1.2 NE, Santa Clara, CA04, -122.149, 37.452, 32, M, 1.56
SAN JOSE 3.0 WSW, Santa Clara, CA04, -121.927, 37.309, 159, M, 1.55
SAN JOSE 6.2 W, Santa Clara, CA04, -121.961, 37.319, 139, M, 1.80
LOS GATOS 5.4 SSW, Santa Clara, CA04, -121.988, 37.156, 1662, M, 8.85
SAN MARCOS 2.5 ENE, San Diego, CA06, -117.132, 33.147, 666, M, 0.04
IMPERIAL BEACH 3.3 E, San Diego, CA06, -117.062, 32.574, 138, M, 0.03
OCEANSIDE 8.4NE, San Diego, CA06, -117.266, 33.270, 252, M, 0.17
EL CAJON 2.3ENE, San Diego, CA06, -116.925, 32.811, 610, M, 0.16
ENCINITAS 3.34ENE, San Diego, CA06, -117.237, 33.050, 193, M, 0.04
ESCONDIDO 5.2NNW, San Diego, CA06, -117.128, 33.185, 1474, M, 0.11
EL CAJON 1.5WSW, San Diego, CA06, -116.987, 32.791, 727, M, 0.07
ESCONDIDO 2.5 SSE, San Diego, CA06, -117.048, 33.106, 690, M, 0.05
POWAY 3.2NE, San Diego, CA06, -117.004, 32.996, 1206, M, 0.12
JAMUL 9.9ESE, San Diego, CA06, -116.706, 32.680, 2737, M, T
LA JOLLA 2.5SE, San Diego, CA06, -117.240, 32.825, 508, M, 0.00
CHULA VISTA 6.3E, San Diego, CA06, -116.975, 32.638, 555, M, T
OCEANSIDE 5.6NE, San Diego, CA06, -117.313, 33.254, 60, M, 0.32
POWAY 1.4SW, San Diego, CA06, -117.059, 32.949, 444, M, 0.18
CARDIFF BY THE SEA 0.2 E, San Diego, CA06, -117.271, 33.027, 266, M, 0.00
CHULA VISTA 2.5SE, San Diego, CA06, -117.052, 32.617, 266, M, T
PAUMA VALLEY 1.7 SE, San Diego, CA06, -116.957, 33.290, 1132, M, 0.05
SAN DIEGO 3.5NE, San Diego, CA06, -117.110, 32.747, 344, M, 0.19
SAN DIEGO 7.9NE, San Diego, CA06, -117.073, 32.806, 242, M, 0.33
LA JOLLA 2.1 SE, San Diego, CA06, -117.250, 32.826, 491, M, 0.15
RANCHO BERNARDO 0.5SE, San Diego, CA06, -117.067, 33.018, 483, M, 0.07
VISTA 1.5NNW, San Diego, CA06, -117.254, 33.219, 417, M, 0.05
EL CAJON 2.3 S, San Diego, CA06, -116.959, 32.770, 738, M, 0.13
SAN DIEGO 9NE, San Diego, CA06, -117.059, 32.817, 292, M, 0.38
POWAY 4.7NNW, San Diego, CA06, -117.047, 33.026, 739, M, 0.09
SAN DIEGO COUNTRY ESTATES 1.5 WNW, San Diego, CA06, -116.807, 33.016, 1474, M, 0.32
SAN FRANCISCO 1.1 SW, San Francisco, CA04, -122.435, 37.765, 194, M, 2.77
COTTONWOOD 0.5 NNE, Shasta, CA02, -122.276, 40.397, 452, M, 5.95
SHINGLETOWN 5.3 ENE, Shasta, CA02, -121.796, 40.524, 3964, M, 12.93
REDDING 2.7 NNW, Shasta, CA02, -122.380, 40.610, 708, M, 7.78
REDDING 7.9 NNE, Shasta, CA02, -122.291, 40.672, 681, M, 9.54
REDDING 3.7 N, Shasta, CA02, -122.358, 40.626, 618, M, 7.80
REDDING 3.6 N, Shasta, CA02, -122.354, 40.623, 604, M, 8.09
REDDING 2.6 NNE, Shasta, CA02, -122.347, 40.607, 590, M, 6.81
REDDING 4.1 N, Shasta, CA02, -122.358, 40.631, 616, M, 4.58
ANDERSON 2.6 NE, Shasta, CA02, -122.261, 40.478, 409, M, 6.19
LINDEN 5.8 ENE, San Joaquin, CA05, -121.008, 38.063, 146, M, 3.26
STOCKTON 5.8 NNE, San Joaquin, CA05, -121.255, 38.038, 35, M, 4.01
LODI 1.0 NNW, San Joaquin, CA05, -121.304, 38.136, 43, M, 5.03
STOCKTON 3.3 SE, San Joaquin, CA05, -121.259, 37.942, 23, M, 3.17
WEED 5.4 N, Siskiyou, CA01, -122.370, 41.495, 3064, M, 6.19
ETNA 3.9 NNW, Siskiyou, CA01, -122.923, 41.511, 2966, M, 9.31
YREKA 0.9 WNW, Siskiyou, CA01, -122.649, 41.733, 2692, M, 6.33
MONTAGUE 1.6 ESE, Siskiyou, CA01, -122.501, 41.718, 2556, M, 3.59
SANTA MARGARITA 8.9 ESE, San Luis Obispo, CA04, -120.453, 35.381, 2005, M, 2.05
PACIFICA 0.3 W, San Mateo, CA04, -122.483, 37.612, 227, M, 4.44
FOSTER CITY 1.3 SW, San Mateo, CA04, -122.259, 37.549, 7, M, 2.88
HALF MOON BAY 0.5 SSW, San Mateo, CA04, -122.441, 37.463, 54, M, 4.17
REDWOOD CITY 2.5 SW, San Mateo, CA04, -122.240, 37.493, 17, M, 3.16
PORTOLA VALLEY 1.3 ENE, San Mateo, CA04, -122.198, 37.382, 531, M, 3.00
ROHNERT PARK 1.6 WNW, Sonoma, CA01, -122.727, 38.352, 93, M, 5.44
GEYSERVILLE 10.6 WNW, Sonoma, CA01, -123.098, 38.737, 1328, M, 8.99
SANTA ROSA 3.1 W, Sonoma, CA01, -122.758, 38.451, 107, M, 4.64
SEBASTOPOL 3.7 WSW, Sonoma, CA01, -122.893, 38.385, 383, M, 7.44
SANTA ROSA 2.7 WSW, Sonoma, CA01, -122.745, 38.432, 123, M, 3.05
SEBASTOPOL 4.5 WSW, Sonoma, CA01, -122.904, 38.375, 423, M, 7.92
WINDSOR 1.5 WNW, Sonoma, CA01, -122.823, 38.555, 123, M, 7.22
WINDSOR 1.4 SE, Sonoma, CA01, -122.780, 38.532, 140, M, 7.55
SANTA ROSA 3.1 NW, Sonoma, CA01, -122.744, 38.479, 140, M, 6.38
CLOVERDALE 3.2 ESE, Sonoma, CA01, -122.963, 38.781, 797, M, 8.43
SEBASTOPOL 2.6 SSE, Sonoma, CA01, -122.804, 38.366, 214, M, 5.96
SANTA ROSA 2.9 ENE, Sonoma, CA01, -122.655, 38.471, 292, M, 3.36
SANTA ROSA 4.4 NNW, Sonoma, CA01, -122.719, 38.511, 392, M, 6.96
SEBASTOPOL 1.1 SSE, Sonoma, CA01, -122.819, 38.384, 168, M, 5.89
WINDSOR 1.2 NNW, Sonoma, CA01, -122.805, 38.562, 155, M, 7.48
HEALDSBURG 7.5 NW, Sonoma, CA01, -122.963, 38.693, 203, M, 9.70
SANTA ROSA 2.6 NE, Sonoma, CA01, -122.664, 38.473, 273, M, 6.64
SANTA ROSA 1.3 NW, Sonoma, CA01, -122.715, 38.464, 173, M, 7.05
WINDSOR 0.6 NNE, Sonoma, CA01, -122.793, 38.553, 157, M, 7.82
GLEN ELLEN 1.9 WNW, Sonoma, CA01, -122.572, 38.365, 956, M, 7.09
ROHNERT PARK 0.9 SW, Sonoma, CA01, -122.711, 38.339, 96, M, 5.81
HEALDSBURG 3.7 WNW, Sonoma, CA01, -122.921, 38.648, 142, M, 9.05
CLOVERDALE 0.6 W, Sonoma, CA01, -123.028, 38.799, 382, M, 8.38
GLEN ELLEN 1.5 N, Sonoma, CA01, -122.534, 38.378, 337, M, 6.63
SANTA ROSA 2.7 ENE, Sonoma, CA01, -122.659, 38.470, 281, M, 6.53
BOYES HOT SPRINGS 0.5 ENE, Sonoma, CA01, -122.473, 38.316, 295, M, 5.80
SEBASTOPOL 3.3 WSW, Sonoma, CA01, -122.885, 38.384, 362, M, 6.00
OCCIDENTAL 2.8 SW, Sonoma, CA01, -122.974, 38.365, 614, M, 7.53
HEALDSBURG 12.6 NNW, Sonoma, CA01, -122.963, 38.784, 1026, M, 8.20
BENICIA 0.2 SSW, Solano, CA01, -122.155, 38.070, 403, M, 2.79
WRIGHTWOOD 1.2 WNW, San Bernardino, CA07, -117.651, 34.365, 6148, M, 1.35
APPLE VALLEY 2.6 SE, San Bernardino, CA07, -117.181, 34.504, 2941, M, 0.68
ALTA LOMA 2.7 ENE, San Bernardino, CA06, -117.551, 34.138, 1535, M, 0.69
JOSHUA TREE 2.0 S, San Bernardino, CA07, -116.318, 34.097, 3409, M, 0.37
CRESTLINE 0.2 WSW, San Bernardino, CA07, -117.299, 34.246, 4530, M, 1.19
LANDERS 1.6 NE, San Bernardino, CA07, -116.375, 34.283, 2954, M, 0.10
PINON HILLS 3.5 N, San Bernardino, CA07, -117.644, 34.485, 3495, M, 0.06
APPLE VALLEY 1.9 N, San Bernardino, CA07, -117.211, 34.556, 2935, M, 1.00
KNIGHTS FERRY 5.2 WSW, Stanislaus, CA05, -120.752, 37.789, 144, M, 3.38
OAKDALE 4.2 ENE, Stanislaus, CA05, -120.777, 37.782, 232, M, 2.54
SAN JUAN BAUTISTA 0.5 S, San Benito, CA04, -121.537, 36.839, 252, M, 3.66
HOLLISTER 5.4 NNE, San Benito, CA04, -121.370, 36.931, 247, M, 2.79
HOLLISTER 2.1 ESE, San Benito, CA04, -121.365, 36.842, 389, M, 0.66
DAVENPORT 4.2 NW, Santa Cruz, CA04, -122.218, 37.065, 495, M, 4.74
BOULDER CREEK 3.6 NE, Santa Cruz, CA04, -122.091, 37.181, 1724, M, 5.59
APTOS 2.6 E, Santa Cruz, CA04, -121.854, 36.996, 383, M, 4.58
FELTON 0.1 SE, Santa Cruz, CA04, -122.071, 37.042, 238, M, 9.53
BONNY DOON 2.0 NE, Santa Cruz, CA04, -122.133, 37.068, 1880, M, 11.78
SOQUEL 1.8 N, Santa Cruz, CA04, -121.950, 37.019, 152, M, 6.73
BOULDER CREEK 3.0 NW, Santa Cruz, CA04, -122.164, 37.169, 875, M, 8.81
FELTON 4.5 NNE, Santa Cruz, CA04, -122.047, 37.105, 838, M, 8.63
RED BLUFF 4.3 W, Tehama, CA02, -122.322, 40.179, 396, M, 3.55
LINDSAY 0.5 N, Tulare, CA05, -119.088, 36.213, 378, M, 0.35
TERRA BELLA 6.3 W, Tulare, CA05, -119.149, 35.950, 374, M, 0.54
VISALIA 0.7 SSE, Tulare, CA05, -119.318, 36.315, 318, M, 0.65
DOUGLAS CITY 2.4 SW, Trinity, CA01, -122.978, 40.633, 1689, M, 8.87
HAWKINS BAR 0.6 NW, Trinity, CA01, -123.530, 40.877, 674, M, 9.51
MAD RIVER 7.4 SE, Trinity, CA01, -123.376, 40.321, 2762, M, 14.75
TRINITY CENTER 0.6 ESE, Trinity, CA01, -122.696, 40.983, 2427, M, 11.25
THOUSAND OAKS 2.1 WSW, Ventura, CA06, -118.898, 34.177, 692, M, 0.70
FRAZIER PARK 10.7 WSW, Ventura, CA06, -119.110, 34.746, 5274, M, 0.95
SIMI VALLEY 3.8 SW, Ventura, CA06, -118.805, 34.231, 1081, M, 0.63
OJAI 0.3 WNW, Ventura, CA06, -119.251, 34.451, 797, M, 0.57
CHALLENGE-BROWNSVILLE 1.3 WSW, Yuba, CA02, -121.280, 39.452, 2049, M, 10.17
DAVIS 1.2 SE, Yolo, CA02, -121.721, 38.543, 36, M, 2.10
DAVIS 0.8 NE, Yolo, CA02, -121.724, 38.562, 41, M, 1.94
DAVIS 1.4 SSE, Yolo, CA02, -121.722, 38.538, 4, M, 1.62
DAVIS 2.7 W, Yolo, CA02, -121.786, 38.552, 57, M, 2.07
WOODLAND 2.8 SE, Yolo, CA02, -121.732, 38.647, 38, M, 2.07
PLACERVILLE 3 ENE, El Dorado, CA02, -120.742, 38.785, 2658, 59.9, 10.45
TAHOMA, El Dorado, CA03, -120.129, 39.060, 6315, 45.0, 10.03
ORCHARD SUNFLOWER VALLEY, Kings, CA05, -120.103, 35.803, 753, M, 0.90
HURON - WOOLF FARM, Fresno, CA05, -120.122, 36.183, 404, M, 1.00
JAWBONE CANYON, Kern, CA07, -118.001, 35.302, 2161, M, 0.20
CORONA MUNICIPAL AIRPORT, Riverside, -, -117.602, 33.898, 533, 66.1, 1.15
OAKLAND 4.4 NNW, Alameda, CA04, -122.250, 37.832, 191, M, 3.31
SAN LORENZO 0.5 NNW, Alameda, CA04, -122.133, 37.682, 30, M, 2.61
OROVILLE 4.8 E, Butte, CA02, -121.477, 39.493, 668, M, 5.50
MCKINLEYVILLE 4.3 E, Humboldt, CA01, -124.034, 40.953, 173, M, 9.82
KNEELAND 0.4 NNW, Humboldt, CA01, -123.999, 40.766, 2008, M, 10.82
BISHOP 8.8 WNW, Inyo, CA07, -118.547, 37.411, 4537, M, 0.33
CLAREMONT 0.5 E, Los Angeles, CA06, -117.707, 34.121, 1465, M, 0.81
LANCASTER 6.5 ENE, Los Angeles, CA07, -118.066, 34.718, 2366, M, 0.06
DESCANSO 0.3 WNW, San Diego, CA06, -116.621, 32.854, 3442, M, 0.13
SAN DIEGO 5.2WNW, San Diego, CA06, -117.245, 32.735, 251, M, 0.06
VISTA 1.2SE, San Diego, CA06, -117.231, 33.186, 505, M, 0.13
FORESTVILLE 0.7 SW, Sonoma, CA01, -122.897, 38.473, 201, M, 10.16
RIALTO 2.1 N, San Bernardino, CA06, -117.381, 34.144, 1482, M, 1.36
THREE RIVERS 1.7 NE, Tulare, CA05, -118.886, 36.458, 1010, M, 1.65
TRINITY CENTER 0.2 ENE, Trinity, CA01, -122.704, 40.986, 2481, M, 12.11
VERDI 2W, Sierra, CA03, -120.027, 39.521, 5429, 50.1, 7.27
PASADENA 2.0 SE, Los Angeles, CA06, -118.116, 34.139, 739, M, 0.25
RAYMOND 6.8 NE, Madera, CA05, -119.802, 37.272, 1802, M, 2.03
SUNNYVALE 3.6 S (W6NW), Santa Clara, CA04, -122.018, 37.334, 170, M, 1.77
PIONEER 6.4 NE, Amador, CA05, -120.499, 38.505, 4073, M, 13.27
CRESCENT CITY 4.2 NE, Del Norte, CA01, -124.143, 41.800, 98, M, 21.79
POLLOCK PINES 0.5 NW, El Dorado, CA02, -120.578, 38.757, 3895, M, 15.97
EUREKA 3.0 SSW, Humboldt, CA01, -124.181, 40.757, 100, M, 9.38
TEHACHAPI 2.2 W, Kern, CA05, -118.480, 35.132, 3945, M, 0.46
DIAMOND BAR 1.9 NNE, Los Angeles, CA06, -117.796, 34.023, 935, M, 0.68
YOSEMITE LAKES 4.7 S, Madera, CA05, -119.761, 37.124, 1598, M, 1.97
MARIPOSA 12.5 E, Mariposa, CA05, -119.740, 37.462, 2940, M, 5.77
IRVINE 2.9 WSW, Orange, CA06, -117.838, 33.640, 193, M, 0.75
MISSION VIEJO 3.5 SSE(K6WTA), Orange, CA06, -117.639, 33.563, 613, M, 0.34
IRVINE 4.1 NNE, Orange, CA06, -117.772, 33.718, 152, M, 0.93
ANAHEIM 4.9 E, Orange, CA06, -117.787, 33.847, 374, M, 0.82
LOS ALTOS HILLS 1.3 N, Santa Clara, CA04, -122.135, 37.387, 194, M, 2.90
CHULA VISTA 3.1SE, San Diego, CA06, -117.051, 32.604, 200, M, 0.05
SAN DIEGO 9.5 NNW, San Diego, CA06, -117.221, 32.843, 284, M, 0.15
CARLSBAD 3.8SE, San Diego, CA06, -117.304, 33.119, 168, M, 0.00
LOS OSOS 0.5 N, San Luis Obispo, CA04, -120.832, 35.329, 77, M, 1.92
MENLO PARK 2.4 W, San Mateo, CA04, -122.187, 37.477, 25, M, 2.64
BURLINGAME 2.0 WSW, San Mateo, CA04, -122.398, 37.584, 447, M, 5.37
BODEGA BAY 1.0 SE, Sonoma, CA01, -123.018, 38.312, 226, M, 4.75
TWENTYNINE PALMS 1.5 SW, San Bernardino, CA07, -116.085, 34.124, 2162, M, 0.04
SUTTER 0.3 W, Sutter, CA02, -121.751, 39.160, 73, M, 0.80
CAMARILLO 2.4 W, Ventura, CA06, -119.072, 34.228, 114, M, 0.44
MARYSVILLE 5.0 N, Yuba, CA02, -121.594, 39.224, 73, M, 3.80
WHEATLAND 0.1 ENE, Yuba, CA02, -121.424, 39.013, 85, M, 3.03
CHICO 1.7 SW, Butte, CA02, -121.832, 39.739, 210, M, 5.69
BLUE LAKE 0.6 NNW, Humboldt, CA01, -123.994, 40.888, 179, M, 8.84
REDWAY 1.8 WSW, Humboldt, CA01, -123.852, 40.109, 955, M, 18.96
UPPER LAKE 3.6 W, Lake, CA02, -122.978, 39.168, 1440, M, 6.78
MORGAN HILL 1.4 SW, Santa Clara, CA04, -121.659, 37.117, 433, M, 7.26
REDDING 3.8 S, Shasta, CA02, -122.369, 40.518, 444, M, 8.04
FORKS OF SALMON 1.0 NW, Siskiyou, CA01, -123.334, 41.269, 1664, M, 12.17
SAN MATEO 3.4 SSW, San Mateo, CA04, -122.343, 37.518, 585, M, 5.36
ARBUCKLE BASIN CALIFORNIA, Shasta, CA02, -122.833, 40.398, 1900, 57.3, M
ACTON CALIFORNIA, Los Angeles, CA06, -118.200, 34.446, 2600, 64.4, M
ARROYO GRANDE CALIFORNIA, San Luis Obispo, CA04, -120.392, 35.179, 1048, 64.5, M
ALDER SPRINGS CALIFORNIA, Glenn, CA02, -122.724, 39.651, 4300, 52.3, M
ALPINE CALIFORNIA, San Diego, CA06, -116.739, 32.834, 2041, 67.9, M
LOS ALTOS CALIFORNIA, Santa Clara, CA04, -122.147, 37.358, 645, 62.9, M
ANZA CALIFORNIA, Riverside, CA06, -116.673, 33.555, 3920, 60.0, M
ALDER POINT CALIFORNIA, Humboldt, CA01, -123.590, 40.187, 923, 57.4, M
ARROYO SECO (MT. DIABLO) CALIF, Monterey, CA04, -121.492, 36.230, 980, 62.8, M
ASH CREEK CALIFORNIA, Siskiyou, CA02, -121.979, 41.277, 3200, 46.4, M
BACKBONE CALIFORNIA, Trinity, CA01, -123.142, 40.889, 4700, 49.4, M
BALD MTN LOC CALIFORNIA, El Dorado, CA02, -120.697, 38.906, 4680, 55.1, M
BARNABY CALIFORNIA, Marin, CA01, -122.702, 38.028, 1240, 60.6, M
BATTERSON CALIFORNIA, Madera, CA05, -119.508, 37.232, 3160, 61.9, M
BIG BAR CALIFORNIA, Trinity, CA01, -123.233, 40.733, 1500, 56.3, M
BELL CANYON CALIFORNIA, Orange, CA06, -117.592, 33.542, 700, 69.5, M
BRADLEY CALIFORNIA, Monterey, CA04, -120.803, 35.864, 537, 62.5, M
BEAR PEAK CALIFORNIA, Tulare, CA05, -118.052, 35.884, 8228, 49.9, M
BENTON CALIFORNIA, Mono, CA07, -118.478, 37.843, 5450, 53.1, M
BEAUMONT CALIFORNIA, Riverside, CA06, -116.950, 33.931, 2604, 66.3, M
BEVERLY HILLS CALIFORNIA, Los Angeles, CA06, -118.412, 34.125, 1260, 79.9, M
BANGOR CALIFORNIA, Butte, CA02, -121.386, 39.398, 803, 61.8, M
BIG PINES CALIFORNIA, Los Angeles, CA07, -117.692, 34.379, 6917, 55.8, M
BIG ROCK CALIFORNIA, Marin, CA01, -122.570, 38.039, 1500, 61.3, M
BLACK DIAMOND CALIFORNIA, Contra Costa, CA04, -121.884, 37.950, 1600, 60.7, M
BLUE DOOR CALIFORNIA, Lassen, CA02, -120.337, 41.055, 5615, 45.4, M
BLUE RIDGE (KNF) CALIFORNIA, Siskiyou, CA01, -123.187, 41.269, 5956, 43.8, M
BEN BOLT CALIFORNIA, El Dorado, CA05, -120.934, 38.591, 905, 61.5, M
BEN LOMOND CALIFORNIA, Santa Cruz, CA04, -122.170, 37.132, 2630, 57.4, M
BOGARD R.S. CALIFORNIA, Lassen, CA02, -121.083, 40.598, 5650, 43.1, M
BOONVILLE CALIFORNIA, Mendocino, CA01, -123.349, 38.988, 644, 59.1, M
BIG PINE FLAT CALIFORNIA, San Bernardino, CA07, -117.013, 34.319, 6861, 53.6, M
BRIDGEPORT 4NW CALIFORNIA, Mono, CA03, -119.289, 38.272, 6650, 49.5, M
BRANCH MOUNTAIN CALIFORNIA, San Luis Obispo, CA04, -120.083, 35.189, 3770, 59.6, M
BEAR FLAT CALIFORNIA, Modoc, CA02, -120.313, 41.295, 6200, 45.5, M
BRIONES CALIFORNIA, Contra Costa, CA04, -122.118, 37.944, 1450, 61.4, M
BLACKROCK CALIFORNIA, Tulare, CA05, -118.260, 36.093, 8200, 48.1, M
BROOKS CALIFORNIA, Yolo, CA02, -122.145, 38.738, 354, 63.6, M
BIG SUR CALIFORNIA, Monterey, CA04, -121.785, 36.236, 450, 62.2, M
BULL FLAT CALIFORNIA, Lassen, CA03, -120.114, 40.481, 4395, 49.2, M
BURNS CANYON CALIFORNIA, San Bernardino, CA07, -116.634, 34.210, 6000, 61.0, M
BEAVER CAMP LOC CALIFORNIA, Amador, CA05, -120.325, 38.488, 5000, 56.8, M
BRAZIE RANCH CALIFORNIA, Siskiyou, CA01, -122.594, 41.685, 3000, 52.3, M
CAHUILLA CALIFORNIA, Imperial, CA07, -115.174, 32.974, 278, 81.3, M
CALLAHAN CALIFORNIA, Siskiyou, CA01, -122.796, 41.308, 3136, 51.1, M
CAMERON FIRE STATION CALIFORNI, San Diego, CA06, -116.463, 32.721, 3443, 60.6, M
CARRIZO CALIFORNIA, San Luis Obispo, CA05, -119.773, 35.096, 2490, 64.2, M
CASE SPRINGS CALIFORNIA, San Diego, CA06, -117.418, 33.445, 2320, 66.4, M
CATHEYS VALLEY CALIFORNIA, Mariposa, CA05, -120.111, 37.468, 1200, 65.0, M
CEDAR GROVE CALIFORNIA, Fresno, CA05, -118.656, 36.788, 4720, 53.9, M
CHEESEBORO CALIFORNIA, Ventura, CA06, -118.717, 34.185, 1650, 69.0, M
CHILAO CALIFORNIA, Los Angeles, CA06, -118.030, 34.332, 5450, 61.4, M
CHUCHUPATE CALIFORNIA, Ventura, CA05, -119.012, 34.808, 4900, 51.8, M
CLAREMONT CALIFORNIA, Los Angeles, CA06, -117.707, 34.137, 1645, 67.9, M
CLEAR CREEK CALIFORNIA, Los Angeles, CA06, -118.152, 34.271, 3000, 65.4, M
CLARK CALIFORNIA, Riverside, CA06, -117.309, 33.877, 1720, 68.3, M
CALAVERAS ROAD CALIFORNIA, Alameda, CA04, -121.844, 37.553, 1230, 62.4, M
COHASSET CALIFORNIA, Butte, CA02, -121.769, 39.872, 1733, 61.5, M
COLLINS BALDY CALIFORNIA, Siskiyou, CA01, -122.950, 41.775, 5493, 44.8, M
CONVERSE CALIFORNIA, San Bernardino, CA06, -116.913, 34.194, 5618, 57.4, M
COOSKIE MOUNTAIN CALIFORNIA, Humboldt, CA01, -124.266, 40.257, 2950, 52.2, M
CORRALITOS CALIFORNIA, Santa Cruz, CA04, -121.798, 36.991, 450, 61.9, M
COUNTY LINE CALIFORNIA, Lake, CA02, -122.412, 39.019, 2085, 59.9, M
CAMP 9 CALIFORNIA, Los Angeles, CA06, -118.422, 34.362, 4000, 62.5, M
CRANE FLAT LOOKOUT CALIFORNIA, Mariposa, CA05, -119.825, 37.762, 6644, 50.9, M
CRESTVIEW CALIFORNIA, Mono, CA07, -118.983, 37.745, 7600, 44.6, M
CORNING CALIFORNIA, Tehama, CA02, -122.170, 39.939, 294, 62.6, M
CARPENTER RIDGE CALIFORNIA, Butte, CA02, -121.582, 40.069, 4812, 50.5, M
CRANSTON CALIFORNIA, Riverside, CA06, -116.841, 33.740, 1950, 67.9, M
CRAZY PEAK CALIFORNIA, Del Norte, CA01, -123.604, 41.992, 3970, 48.6, M
CASHMAN CALIFORNIA, Plumas, CA02, -120.915, 40.002, 4520, 52.7, M
DESCANSO CALIFORNIA, San Diego, CA06, -116.622, 32.857, 3480, 63.0, M
DEVILS GARDEN CALIFORNIA, Modoc, CA02, -120.671, 41.530, 5022, 48.3, M
DIABLO GRANDE CALIFORNIA, Stanislaus, CA05, -121.294, 37.329, 1850, 62.6, M
DEMOCRAT CALIFORNIA, Kern, CA05, -118.630, 35.532, 2356, 63.5, M
DINKEY CALIFORNIA, Fresno, CA05, -119.039, 37.066, 5668, 47.7, M
DOG VALLEY CALIFORNIA, Sierra, CA03, -120.048, 39.562, 5976, 46.6, M
DOYLE CALIFORNIA, Lassen, CA03, -120.106, 40.022, 4240, 53.6, M
DEL VALLE CALIFORNIA, Los Angeles, CA06, -118.683, 34.431, 1278, 69.1, M
DEVORE CALIFORNIA, San Bernardino, CA06, -117.404, 34.221, 2057, 68.9, M
EAGLE PEAK CALIFORNIA, Tehama, CA02, -122.657, 39.928, 3713, 54.0, M
EEL RIVER CAMP CALIFORNIA, Humboldt, CA01, -123.824, 40.138, 446, 58.2, M
EEL RIVER CALIFORNIA, Mendocino, CA01, -123.083, 39.833, 1500, 57.4, M
EL CARISO CALIFORNIA, Riverside, CA06, -117.411, 33.647, 3038, 68.8, M
MOUNT ELIZABETH CALIFORNIA, Tuolumne, CA05, -120.247, 38.063, 4933, 55.3, M
FANCHER CREEK CALIFORNIA, Fresno, CA05, -119.466, 36.884, 920, 68.8, M
FAWNSKIN CALIFORNIA, San Bernardino, CA06, -116.899, 34.266, 6900, 51.7, M
FENCE MEADOW CALIFORNIA, Fresno, CA05, -119.175, 36.961, 5048, 58.2, M
FORT HUNTER LIGGET CALIFORNIA, Monterey, CA04, -121.242, 36.012, 1100, 60.7, M
FIGUEROA CALIFORNIA, Santa Barbara, CA06, -120.007, 34.733, 3200, 64.3, M
FISH CREEK MTN CALIFORNIA, Imperial, CA07, -116.067, 32.990, 760, 83.0, M
FORESTHILL CALIFORNIA, Placer, CA02, -120.732, 39.091, 4355, 55.0, M
FOUNTAIN SPRINGS CALIFORNIA, Tulare, CA05, -118.915, 35.892, 210, 64.3, M
FREMONT CANYON CALIFORNIA, Orange, CA06, -117.711, 33.808, 1781, 69.5, M
FRIEND MOUNTAIN CALIFORNIA, Trinity, CA01, -123.342, 40.505, 4000, 49.3, M
GRASSHOPPER CALIFORNIA, Lassen, CA03, -120.784, 40.782, 6158, 45.1, M
GOOSE VALLEY CALIFORNIA, San Diego, CA06, -116.846, 33.074, 1530, 69.0, M
GORDON CALIFORNIA, Lassen, CA03, -120.896, 40.759, 6200, 44.4, M
GREEN SPRING CALIFORNIA, Tuolumne, CA05, -120.500, 37.833, 1020, 63.3, M
HASTINGS CALIFORNIA, Monterey, CA04, -121.552, 36.389, 1885, 60.9, M
HAWKEYE CALIFORNIA, Sonoma, CA01, -122.917, 38.782, 2000, 58.3, M
HAYFORK CALIFORNIA, Trinity, CA01, -123.165, 40.550, 2323, 52.3, M
HELL HOLE CALIFORNIA, Placer, CA02, -120.422, 39.072, 5240, 51.1, M
HERNANDEZ CALIFORNIA, San Benito, CA04, -120.856, 36.383, 3733, 59.3, M
HIGH GLADE LOOKOUT CALIFORNIA, Lake, CA02, -122.808, 39.208, 4840, 50.8, M
HIGH SIERRA CALIFORNIA, Fresno, CA05, -119.038, 37.315, 7403, 48.4, M
HOPLAND CALIFORNIA, Mendocino, CA01, -123.081, 39.031, 2682, 57.0, M
HOLLISTER CALIFORNIA, San Benito, CA04, -121.362, 36.842, 404, 62.7, M
HUNTER MOUNTAIN CALIFORNIA, Inyo, CA07, -117.474, 36.563, 6880, 52.4, M
HORSE LAKE CALIFORNIA, Lassen, CA03, -120.503, 40.631, 5100, 46.8, M
HOOPA CALIFORNIA, Humboldt, CA01, -123.671, 41.048, 375, 58.0, M
HORSE THIEF SPRINGS CALIFORNIA, San Bernardino, CA07, -115.909, 35.771, 5000, 62.9, M
HURLEY CALIFORNIA, Fresno, CA05, -119.568, 37.015, 1201, 60.2, M
INDIAN WELL CALIFORNIA, Siskiyou, CA01, -121.538, 41.742, 4770, 48.2, M
JARBO GAP CALIFORNIA, Butte, CA02, -121.489, 39.736, 2490, 57.9, M
JERSEYDALE CALIFORNIA, Mariposa, CA05, -119.839, 37.544, 3900, 58.6, M
JOHNSONDALE CALIFORNIA, Tulare, CA05, -118.545, 35.972, 4700, 51.5, M
JUANITA LAKE CALIFORNIA, Siskiyou, CA01, -122.006, 41.786, 5400, 47.5, M
JULIAN CALIFORNIA, San Diego, CA07, -116.591, 33.076, 4240, 61.8, M
JUNIPER CREEK CALIFORNIA, Modoc, CA02, -120.472, 41.332, 4372, 49.5, M
KEENWILD CALIFORNIA, Riverside, CA06, -116.767, 33.667, 4920, 61.6, M
KETTLEMAN HILLS CALIFORNIA, Kings, CA05, -120.057, 36.033, 810, 68.6, M
KNOXVILLE CREEK CALIFORNIA, Lake, CA02, -122.417, 38.862, 2200, 56.9, M
KONOCTI CALIFORNIA, Lake, CA02, -122.706, 38.912, 2163, 58.9, M
LOS BANOS CALIFORNIA, Merced, CA05, -121.053, 37.055, 350, 67.3, M
MT. LAGUNA CALIFORNIA, San Diego, CA07, -116.420, 32.880, 5760, 56.9, M
LA HONDA CALIFORNIA, San Mateo, CA04, -122.255, 37.305, 872, 59.9, M
LA PANZA CALIFORNIA, San Luis Obispo, CA04, -120.187, 35.381, 1630, 59.4, M
LAURAL MOUNTAIN CALIFORNIA, Kern, CA07, -117.699, 35.478, 4390, 63.7, M
LASSEN LODGE CALIFORNIA, Tehama, CA02, -121.714, 40.344, 4159, 54.3, M
LAUFMAN CALIFORNIA, Lassen, CA03, -120.353, 40.142, 5800, 51.2, M
LAYTONVILLE CALIFORNIA, Mendocino, CA01, -123.485, 39.702, 1820, 55.0, M
LADDER BUTTE CALIFORNIA, Lassen, CA02, -121.297, 40.807, 5750, 48.3, M
LEO CARRILLO CALIFORNIA, Los Angeles, CA06, -118.936, 34.046, 50, 66.2, M
LOS GATOS CALIFORNIA, Santa Clara, CA04, -121.943, 37.203, 2000, 60.7, M
LOST HORSE CALIFORNIA, Riverside, CA07, -116.188, 34.018, 4200, 63.1, M
LINCOLN CALIFORNIA, Placer, CA02, -121.268, 38.883, 200, 62.6, M
LOWER KLAMATH CALIFORNIA, Siskiyou, CA01, -121.700, 41.999, 4098, 46.2, M
LOS PRIETOS CALIFORNIA, Santa Barbara, CA06, -119.783, 34.536, 1020, 67.0, M
LAS TABLAS CALIFORNIA, San Luis Obispo, CA04, -120.924, 35.656, 994, 59.9, M
LITTLE TUJUNGA CALIFORNIA, Los Angeles, CA06, -118.361, 34.294, 1390, 67.9, M
LYONS VALLEY CALIFORNIA, Lake, CA01, -123.074, 39.126, 3200, 54.4, M
LYTLE CREEK CALIFORNIA, San Bernardino, CA06, -117.480, 34.234, 2792, 64.9, M
MAD RIVER CALIFORNIA, Trinity, CA01, -123.524, 40.463, 2775, 51.9, M
MALIBU HILLS CALIFORNIA, Los Angeles, CA06, -118.633, 34.058, 1575, 68.9, M
MANZANITA LAKE CALIFORNIA, Shasta, CA02, -121.580, 40.540, 5660, 44.6, M
MILL CREEK (BDF) CALIFORNIA, San Bernardino, CA06, -117.035, 34.084, 2950, 67.0, M
MCGUIRES CALIFORNIA, Mendocino, CA01, -123.601, 39.353, 593, 56.9, M
MEANS LAKE CALIFORNIA, San Bernardino, CA07, -116.517, 34.391, 2900, 67.9, M
MENDOCINO PASS CALIFORNIA, Mendocino, CA01, -122.945, 39.808, 5420, 46.9, M
METCALF GAP CALIFORNIA, Madera, CA05, -119.768, 37.409, 3077, 63.2, M
MID HILLS CALIFORNIA, San Bernardino, CA07, -115.411, 35.123, 5413, 61.0, M
MILL CREEK (ANF) CALIFORNIA, Los Angeles, CA06, -118.082, 34.390, 5021, 61.0, M
MILO CALIFORNIA, Tulare, CA05, -118.869, 36.231, 1923, 66.7, M
MALLORY RIDGE CALIFORNIA, Contra Costa, CA05, -121.779, 37.817, 2040, 60.5, M
MONTECITO CALIFORNIA, Santa Barbara, CA06, -119.648, 34.461, 1500, 68.8, M
MORMON ROCK CALIFORNIA, San Bernardino, CA06, -117.502, 34.318, 3300, 64.4, M
MOUNTAIN REST CALIFORNIA, Fresno, CA05, -119.371, 37.054, 4100, 60.2, M
MARKLEEVILLE CALIFORNIA, Alpine, CA03, -119.767, 38.683, 5501, 50.7, M
MT. SHASTA CALIFORNIA, Siskiyou, CA02, -122.316, 41.316, -, 49.0, M
MARIPOSA CALIFORNIA, Mariposa, CA05, -119.987, 37.504, 2231, 60.7, M
MOUNT ZION CALIFORNIA, Amador, CA05, -120.651, 38.389, 2960, 60.3, M
NORTH FORK CALIFORNIA, Madera, CA05, -119.505, 37.233, 2720, 61.8, M
OAK KNOLL CALIFORNIA, Siskiyou, CA01, -122.850, 41.839, 1940, 53.2, M
OAK MOUNTAIN CALIFORNIA, Shasta, CA02, -121.983, 41.006, 1700, 55.9, M
OAK CREEK CALIFORNIA, Inyo, CA07, -118.259, 36.843, 4855, 63.7, M
OAK GROVE CALIFORNIA, San Diego, CA06, -116.795, 33.393, 2752, 64.9, M
OAKLAND NORTH CALIFORNIA, Contra Costa, CA04, -122.221, 37.865, 1403, 60.1, M
OAK OPENING CALIFORNIA, Tulare, CA05, -118.702, 36.175, 3240, 62.8, M
OAKLAND SOUTH CALIFORNIA, Alameda, CA04, -122.145, 37.786, 1095, 60.5, M
OPAL MOUNTAIN CALIFORNIA, San Bernardino, CA07, -117.176, 35.154, 3240, 66.8, M
OWENS CAMP LOC CALIFORNIA, El Dorado, CA02, -120.245, 38.733, 5240, 50.4, M
OWENS VALLEY CALIFORNIA, Inyo, CA07, -118.551, 37.390, 4640, 62.0, M
OZENA CALIFORNIA, Ventura, CA06, -119.354, 34.682, 3670, 60.0, M
PARKFIELD CALIFORNIA, Monterey, CA04, -120.432, 35.899, 1535, 60.9, M
PATTY MOCUS CALIFORNIA, Tehama, CA02, -122.867, 40.295, 3500, 53.5, M
PINE HILLS CALIFORNIA, San Diego, CA06, -116.634, 33.016, -, 63.4, M
PIERCE CALIFORNIA, Plumas, CA02, -120.642, 40.246, 5700, 50.4, M
PINEHURST CALIFORNIA, Fresno, CA05, -119.000, 36.685, 4060, 59.3, M
PIKE COUNTY LOOKOUT CALIFORNIA, Yuba, CA02, -121.202, 39.475, 3714, 55.4, M
PILOT HILL CALIFORNIA, El Dorado, CA02, -121.009, 38.833, 1200, 59.9, M
PARK RIDGE CALIFORNIA, Tulare, CA05, -118.942, 36.724, 7540, 50.6, M
PINNACLES CALIFORNIA, San Benito, CA04, -121.147, 36.471, 1322, 63.8, M
POPPY PARK CALIFORNIA, Los Angeles, CA07, -118.383, 34.733, 2760, 65.2, M
POTRERO CALIFORNIA, San Diego, CA06, -116.609, 32.606, 2345, 64.6, M
POVERTY CALIFORNIA, Santa Clara, CA04, -121.771, 37.443, 2066, 60.6, M
PANOCHE ROAD CALIFORNIA, Fresno, CA05, -120.766, 36.727, 2032, 63.9, M
PULGAS CALIFORNIA, San Mateo, CA04, -122.298, 37.475, 644, 63.5, M
QUARTZ HILL CALIFORNIA, Siskiyou, CA01, -122.934, 41.599, 4225, 49.9, M
QUINCY RD CALIFORNIA, Plumas, CA02, -120.942, 39.973, 3500, 52.0, M
RAVENDALE CALIFORNIA, Lassen, CA03, -120.316, 40.731, 5298, 47.3, M
RANCHITA CALIFORNIA, San Diego, CA07, -116.497, 33.222, 4415, 64.6, M
READER RANCH CALIFORNIA, Nevada, CA02, -121.117, 39.304, 1968, 59.7, M
REDDING AIRPORT CALIFORNIA, Shasta, CA02, -122.291, 40.516, 500, 61.0, M
RICE VALLEY CALIFORNIA, Riverside, CA07, -114.732, 34.061, 820, 77.7, M
ROCK CREEK, Mono, CA07, -118.667, 37.551, 7040, 49.5, M
RODEO VALLEY, Mendocino, CA01, -123.321, 39.668, 2428, 56.0, M
ROSE VALLEY CALIFORNIA, Ventura, CA06, -119.184, 34.543, 3331, 54.9, M
ROUND MOUNTAIN, Siskiyou, CA02, -121.464, 41.427, 5258, 47.1, M
ROSE PEAK CALIFORNIA, Alameda, CA04, -121.735, 37.502, 3060, 56.9, M
RUSH CREEK CALIFORNIA, Modoc, CA02, -120.864, 41.294, 4800, 48.1, M
RUTH CALIFORNIA, Trinity, CA01, -123.316, 40.251, 2732, 52.2, M
SACRAMENTO NWR CALIFORNIA, Glenn, CA02, -122.182, 39.417, 120, 62.6, M
SAWYERS BAR CALIFORNIA, Siskiyou, CA01, -123.132, 41.300, 2192, 51.7, M
SANTA BARBARA ISLAND CALIFORNI, Santa Barbara, CA06, -119.033, 33.483, 176, 65.3, M
SANTA CRUZ ISLAND CALIFORNIA, Santa Barbara, CA06, -119.722, 33.996, 250, 65.2, M
SCORPION CALIFORNIA, Trinity, CA01, -122.697, 41.112, 4400, 52.1, M
SODA CREEK CALIFORNIA, Lake, CA01, -122.977, 39.425, 1773, 54.7, M
SADDLEBACK CALIFORNIA, Sierra, CA02, -120.865, 39.638, 6670, 39.2, M
SECRET TOWN CALIFORNIA, Nevada, CA02, -120.885, 39.184, 2826, 57.3, M
SANTA FE DAM CALIFORNIA, Los Angeles, CA06, -117.946, 34.121, 500, 72.7, M
SHAVER CALIFORNIA, Fresno, CA05, -119.256, 37.135, 5746, 48.6, M
SCHOOL HOUSE CALIFORNIA, Humboldt, CA01, -123.906, 41.138, 2640, 52.1, M
SHIP MTN. CALIFORNIA, Del Norte, CA01, -123.792, 41.736, 5300, 43.7, M
SHADEQUARTER CALIFORNIA, Tulare, CA05, -118.956, 36.567, 4069, 60.5, M
SIMS CALIFORNIA, Shasta, CA02, -122.373, 41.075, 2400, 54.6, M
SLATER BUTTE CALIFORNIA, Siskiyou, CA01, -123.352, 41.859, 4670, 44.9, M
SAN MIGUEL CALIFORNIA, San Diego, CA06, -116.974, 32.685, 425, 70.8, M
SAN LUIS NWR CALIFORNIA, Merced, CA05, -120.794, 37.182, 65, 64.0, M
SANTA RITA CALIFORNIA, San Benito, CA05, -120.598, 36.348, 5000, 55.1, M
SOLDIER MOUNTAIN CALIFORNIA, Shasta, CA02, -121.586, 40.926, 3710, 53.4, M
SOMES BAR CALIFORNIA, Siskiyou, CA01, -123.496, 41.390, 920, 56.3, M
SQUAW SPRINGS CALIFORNIA, San Bernardino, CA07, -117.568, 35.370, 3620, 66.6, M
SQUAW LAKE CALIFORNIA, Imperial, CA07, -114.494, 32.908, 300, 81.3, M
SUSANVILLE 2SW, Lassen, CA03, -120.663, 40.417, 4212, 51.6, 3.45
TEJON RANCHO, Kern, CA05, -118.750, 35.023, 1425, 66.4, 0.08
BURBANK GLENDALE PASADENA AP, Los Angeles, CA06, -118.365, 34.200, 731, 69.4, 0.22
SUTTER CREEK 0.1 WSW, Amador, CA05, -120.805, 38.390, 1266, M, 6.45
CHICO 2.9 W, Butte, CA02, -121.861, 39.749, 190, M, 5.47
CHICO 8.9 NW, Butte, CA02, -121.905, 39.859, 266, M, 5.05
CHICO 1.8 SW, Butte, CA02, -121.832, 39.737, 209, M, 5.13
MAGALIA 2.3 SE, Butte, CA02, -121.582, 39.804, 2327, M, 12.63
CHICO 5.5 NW, Butte, CA02, -121.891, 39.800, 191, M, 6.04
MORAGA 2.4 NNW, Contra Costa, CA04, -122.138, 37.870, 748, M, 4.75
SMITH RIVER 1.1 SSE, Del Norte, CA01, -124.136, 41.915, 120, M, 28.36
FORT DICK 0.2 SSW, Del Norte, CA01, -124.151, 41.865, 49, M, 25.70
CAMINO 2.6 ESE, El Dorado, CA02, -120.634, 38.719, 3108, M, 10.97
TOLLHOUSE 2.8 SSE, Fresno, CA05, -119.396, 36.978, 2111, M, 1.79
CLOVIS 1.3 NE, Fresno, CA05, -119.681, 36.833, 375, M, 0.94
FRESNO 2.4 NW, Fresno, CA05, -119.822, 36.805, 319, M, 1.05
ARCATA 2.1 NNW, Humboldt, CA01, -124.095, 40.896, 32, M, 8.68
SUSANVILLE 3.5 SSW, Lassen, CA03, -120.674, 40.363, 4347, M, 6.21
SUSANVILLE 0.6 WSW, Lassen, CA03, -120.660, 40.407, 4220, M, 4.17
AHWAHNEE 2.5 NNW, Madera, CA05, -119.738, 37.400, 2840, M, 4.36
WESTPORT 1.6 NNE, Mendocino, CA01, -123.770, 39.657, 722, M, 11.68
ALBION 4.0 SE, Mendocino, CA01, -123.710, 39.188, 636, M, 9.36
LAYTONVILLE 9.8 NNW, Mendocino, CA01, -123.534, 39.814, 2078, M, 12.20
FAIRFAX 0.6 SSE, Marin, CA01, -122.591, 37.981, 146, M, 7.16
MONTEREY 1.5 WSW, Monterey, CA04, -121.905, 36.590, 235, M, 3.18
ALTA SIERRA 2.3 WSW, Nevada, CA02, -121.089, 39.106, 1677, M, 3.81
GRASS VALLEY 4.2 SE, Nevada, CA02, -120.993, 39.186, 2784, M, 11.07
GRASS VALLEY 1.3 NNE, Nevada, CA02, -121.046, 39.238, 2782, M, 10.02
GRASS VALLEY 2.7 SW, Nevada, CA02, -121.092, 39.194, 2334, M, 9.94
ORANGE 3.0 ENE, Orange, CA06, -117.778, 33.826, 649, M, 0.92
ROCKLIN 1.1 N, Placer, CA02, -121.244, 38.818, 550, M, 5.42
ROSEVILLE 2.4 SE, Placer, CA02, -121.257, 38.740, 156, M, 5.33
APPLEGATE 0.5 SE, Placer, CA02, -120.986, 38.996, 1983, M, 10.87
MURRIETA 4.3 ENE, Riverside, CA06, -117.140, 33.584, 1312, M, 0.23
FAIR OAKS 1.9 N, Sacramento, CA02, -121.252, 38.676, 199, M, 6.47
MORGAN HILL 2.7 S, Santa Clara, CA04, -121.632, 37.092, 338, M, 7.13
SAN JOSE 5.8 NNE, Santa Clara, CA04, -121.824, 37.386, 293, M, 2.26
ENCINITAS 2.7N, San Diego, CA06, -117.292, 33.076, 188, M, 0.08
ESCONDIDO 7.2 SE, San Diego, CA06, -116.992, 33.056, 1585, M, 0.16
RAMONA 3ENE, San Diego, CA06, -116.828, 33.051, 2034, M, 0.39
RANCHO BERNARDO 1.9WSW, San Diego, CA06, -117.106, 33.014, 687, M, 0.02
SAN DIEGO 13.9N, San Diego, CA06, -117.163, 32.917, 406, M, 0.05
SAN FRANCISCO 3.0 W, San Francisco, CA04, -122.474, 37.778, 205, M, 3.38
SHINGLETOWN 10.3 ENE, Shasta, CA02, -121.701, 40.532, 4217, M, 9.62
REDDING 2.8 NW, Shasta, CA02, -122.401, 40.602, 661, M, 6.80
SHINGLETOWN 3.5 ENE, Shasta, CA02, -121.834, 40.519, 3796, M, 11.97
REDDING 1.6 W, Shasta, CA02, -122.395, 40.575, 635, M, 6.90
MOUNT SHASTA 5.1 NW, Siskiyou, CA02, -122.397, 41.364, 3911, M, 13.43
DORRIS 0.2 SW, Siskiyou, CA01, -121.923, 41.963, 4249, M, 3.49
TEMPLETON 5.5 WSW, San Luis Obispo, CA04, -120.804, 35.535, 1469, M, 4.08
HALF MOON BAY 0.7 NW, San Mateo, CA04, -122.445, 37.478, 36, M, 3.78
EL GRANADA 0.7 W, San Mateo, CA04, -122.479, 37.509, 78, M, 4.03
CAZADERO 6.9 WNW, Sonoma, CA01, -123.206, 38.565, 645, M, 12.81
CAZADERO 5.6 W, Sonoma, CA01, -123.189, 38.532, 1211, M, 14.28
GUERNEVILLE 2.0 SSW, Sonoma, CA01, -123.005, 38.485, 69, M, 9.65
GLEN ELLEN 1.9 NNW, Sonoma, CA01, -122.551, 38.382, 365, M, 6.31
RANCHO CUCAMONGA 1.6 W, San Bernardino, CA06, -117.598, 34.122, 1379, M, 0.65
BARSTOW 4.2 NE, San Bernardino, CA07, -117.018, 34.924, 2170, M, 0.88
FAWNSKIN 0.3 NE, San Bernardino, CA06, -116.938, 34.271, 7030, M, 1.76
SOQUEL 0.8 NE, Santa Cruz, CA04, -121.936, 37.002, 414, M, 5.99
RED BLUFF 6.0 W, Tehama, CA02, -122.352, 40.159, 418, M, 3.28
COTTONWOOD 7.7 SSW, Tehama, CA02, -122.333, 40.287, 635, M, 2.17
RED BLUFF 7.2 WNW, Tehama, CA02, -122.360, 40.224, 557, M, 4.54
RED BLUFF 1.1 S, Tehama, CA02, -122.236, 40.158, 323, M, 3.08
GRASS VALLEY 8.3 SSE, Nevada, CA02, -121.008, 39.107, 2182, M, 9.85
QUINCY 2.3 E, Plumas, CA02, -120.905, 39.938, 3473, M, 7.94
PERRIS 10.6 W, Riverside, CA06, -117.405, 33.821, 1586, M, 0.77
GILROY 0.1 SE, Santa Clara, CA04, -121.577, 37.009, 211, M, 5.82
BENICIA 1.3 W, Solano, CA01, -122.178, 38.075, 304, M, 1.63
RED BLUFF 2.4 NE, Tehama, CA02, -122.205, 40.194, 275, M, 3.09
SPRINGVILLE 1.4 SSW, Tulare, CA05, -118.825, 36.111, 937, M, 0.23
DAVIS 2.3 W, Yolo, CA02, -121.778, 38.559, 55, M, 2.10
GRIDLEY 3.3 SE, Butte, CA02, -121.646, 39.335, 92, M, 3.42
SOUTH LAKE TAHOE 4.9 SW, El Dorado, CA03, -120.034, 38.882, 6325, M, 9.92
EL DORADO HILLS 0.7 NNE, El Dorado, CA02, -121.074, 38.695, 709, M, 8.63
EL DORADO HILLS 0.9 NNW, El Dorado, CA02, -121.087, 38.698, 771, M, 7.87
INDEPENDENCE 0.2 NNW, Inyo, CA07, -118.201, 36.806, 3914, M, 0.04
CALABASAS 1.9 E, Los Angeles, CA06, -118.628, 34.141, 1080, M, 0.27
COARSEGOLD 1.4 SE, Madera, CA05, -119.686, 37.247, 2674, M, 2.96
CHOWCHILLA 0.3 E, Madera, CA05, -120.252, 37.116, 238, M, 0.96
SAN RAFAEL 4.6 NW, Marin, CA01, -122.574, 38.020, 166, M, 6.37
BOLINAS 0.2 W, Marin, CA01, -122.701, 37.906, 190, M, 4.92
LAGUNITAS-FOREST KNOLLS 0.2 SSE, Marin, CA01, -122.686, 38.013, 269, M, 8.35
SAN RAFAEL 1.9 NNW, Marin, CA01, -122.524, 38.005, 15, M, 6.26
NOVATO 0.7 WNW, Marin, CA01, -122.568, 38.098, 12, M, 3.97
NOVATO 2.7 WNW, Marin, CA01, -122.600, 38.110, 76, M, 4.43
AUBURN 5.3 NNW, Placer, CA02, -121.115, 38.963, 1236, M, 8.34
LAKE ELSINORE 4.6 WNW, Riverside, CA06, -117.396, 33.692, 1508, M, 0.22
SUNNYSLOPE 1.6 W, Riverside, CA06, -117.450, 34.016, 946, M, 0.75
FAIR OAKS 3.0 WNW, Sacramento, CA02, -121.300, 38.662, 173, M, 5.43
BUELLTON 0.7 S, Santa Barbara, CA06, -120.199, 34.617, 363, M, 1.40
MORGAN HILL 4.5 NW, Santa Clara, CA04, -121.703, 37.173, 310, M, 4.02
SAN DIEGO 10.6 NNW, San Diego, CA06, -117.209, 32.956, 282, M, 0.00
BOULDER CREEK 4.1 N, Santa Cruz, CA04, -122.141, 37.195, 984, M, 8.35
BOULDER CREEK 0.9 N, Santa Cruz, CA04, -122.126, 37.151, 596, M, 8.03
PORTERVILLE 2.4 NNW, Tulare, CA05, -119.051, 36.093, 422, M, 0.34
CAMARILLO 0.6 N, Ventura, CA06, -119.030, 34.231, 178, M, 0.62
DAVIS 1.1 ENE, Yolo, CA02, -121.716, 38.559, 56, M, 2.21
DAVIS 6.3 W, Yolo, CA02, -121.852, 38.561, 86, M, 1.83
DAVIS 1.6 NNW, Yolo, CA02, -121.751, 38.574, 57, M, 2.08
ALBANY 1.7 E, Alameda, CA04, -122.296, 37.895, 55, M, 3.08
WALNUT CREEK 2.3 WSW, Contra Costa, CA04, -122.081, 37.891, 252, M, 4.28
TRINIDAD 0.2 NE, Humboldt, CA01, -124.140, 41.059, 180, M, 13.74
LONG BEACH 1.1 SE, Los Angeles, CA06, -118.147, 33.777, 48, M, 0.41
RANCHO PALOS VERDES 1.3 NNW, Los Angeles, CA06, -118.370, 33.775, 1014, M, 0.64
MILL VALLEY 2.5 SSE, Marin, CA01, -122.526, 37.874, 57, M, 0.57
NEWCASTLE 0.4 SSW, Placer, CA02, -121.137, 38.868, 824, M, 5.11
RIVERSIDE 2.0 NNE, Riverside, CA06, -117.388, 33.969, 850, M, 1.23
RIVERSIDE 5.8 E, Riverside, CA06, -117.296, 33.941, 1536, M, 0.58
YUCAIPA 4.1 SE, Riverside, CA06, -116.986, 33.998, 3563, M, 0.52
LA MESA 0.9 SW, San Diego, CA06, -117.028, 32.760, 528, M, 0.08
SAN MARCOS 2.3 SSW, San Diego, CA06, -117.187, 33.105, 961, M, 0.00
JACUMBA 0.3 NNW, San Diego, CA07, -116.190, 32.621, 2821, M, 0.00
MILLVILLE 3.6 SW, Shasta, CA02, -122.173, 40.545, 506, M, 6.08
SANTA ROSA 2.3 NW, Sonoma, CA01, -122.733, 38.470, 137, M, 6.02
HEALDSBURG 2.9 N, Sonoma, CA01, -122.864, 38.661, 177, M, 6.05
SANTA ROSA 1.7 E, Sonoma, CA01, -122.669, 38.449, 220, M, 5.47
FAIRFIELD 5.9 WSW, Solano, CA01, -122.143, 38.222, 3303, M, 3.97
LUCERNE VALLEY 2.7 SSE, San Bernardino, CA07, -116.949, 34.407, 3387, M, 0.30
THOUSAND OAKS 2.7 NW, Ventura, CA06, -118.897, 34.222, 681, M, 0.66
STATE LINE, Modoc, CA01, -120.720, 41.990, 5680, 45.1, 3.00
BIG PINE 0.5 ENE, Inyo, CA07, -118.288, 37.169, 3972, M, 0.18
SANTA ANA 2.0 N, Orange, CA06, -117.888, 33.766, 110, M, 0.77
POWAY 3.9 NNW, San Diego, CA06, -117.046, 33.036, 648, M, 0.04
SAN DIEGO 7.8 SW, San Diego, CA06, -117.246, 32.750, 24, M, 0.03
UPLAND 1.8 NNE, San Bernardino, CA06, -117.649, 34.144, 1779, M, 0.52
MAXWELL 5.1 N, Colusa, CA02, -122.177, 39.349, 91, M, 2.22
BISHOP 1.8 NW, Inyo, CA07, -118.423, 37.384, 4206, M, 0.14
COTTONWOOD 4.4 ESE, Tehama, CA02, -122.201, 40.369, 567, M, 5.51
RED BLUFF 5.1 NNW, Tehama, CA02, -122.281, 40.242, 497, M, 4.14
COTTONWOOD 9.1 SW, Tehama, CA02, -122.378, 40.282, 639, M, 5.29
RED BLUFF 4.5 W, Tehama, CA02, -122.326, 40.171, 501, M, 3.20
COTTONWOOD 3.6 SSW, Tehama, CA02, -122.302, 40.341, 554, M, 5.12
MOUNT SHASTA, Siskiyou, CA02, -122.317, 41.322, 3613, 46.2, 4.99
WATSONVILLE MUNICIPAL AIRPORT, Santa Cruz, CA04, -121.790, 36.939, 162, 61.0, T
SANTA ROSA SONOMA CO AP, Sonoma, CA04, -122.811, 38.504, 119, 60.3, 7.57
LARKSPUR 0.3 WSW, Marin, CA01, -122.535, 37.940, 9, M, 2.93
NAPA 2.0 E, Napa, CA01, -122.263, 38.301, 219, M, 4.12
HUNTINGTON BEACH 2.0 ESE, Orange, CA06, -117.974, 33.685, 13, M, 0.64
RANCHO CORDOVA 1.5 SE, Sacramento, CA02, -121.281, 38.580, 104, M, 4.93
SANTA BARBARA 6.6 NW, Santa Barbara, CA06, -119.790, 34.505, 2675, M, 1.25
ESCONDIDO 3.3 WNW, San Diego, CA06, -117.121, 33.160, 763, M, 0.03
N CLAIREMONT 0.6SSE, San Diego, CA06, -117.199, 32.826, 341, M, 0.09
ATASCADERO 3.1 WNW, San Luis Obispo, CA04, -120.738, 35.503, 1403, M, 1.68
REDWOOD CITY 3.3 SSW, San Mateo, CA04, -122.234, 37.474, 31, M, 3.60
PETALUMA 1.8 WSW, Sonoma, CA01, -122.656, 38.233, 157, M, 3.24
CAZADERO 6.6 WNW, Sonoma, CA01, -123.200, 38.562, 919, M, 13.01
PHELAN 6.2 E, San Bernardino, CA07, -117.464, 34.438, 3665, M, 0.32
TWAIN HARTE 1.6 SW, Tuolumne, CA05, -120.253, 38.024, 3231, M, 9.29
TUOLUMNE CITY 2.0 N, Tuolumne, CA05, -120.237, 37.992, 2915, M, 6.41
PORT HUENEME 1.4 NNW, Ventura, CA06, -119.214, 34.181, 14, M, 0.29
THOUSAND OAKS 2.3 NE, Ventura, CA06, -118.837, 34.215, 1093, M, 0.56
GUALALA 0.5 NW, Mendocino, CA01, -123.535, 38.770, 122, M, 6.03
PLEASANT HILL 1.1 ENE, Contra Costa, CA04, -122.056, 37.959, 43, M, 2.98
WHITMORE 4.1 NNE, Shasta, CA02, -121.873, 40.680, 2693, M, 9.67
DEL MONTE FOREST 1.6 ESE, Monterey, CA04, -121.918, 36.579, 686, M, 1.33
SACRAMENTO 11.8 NE, Sacramento, CA02, -121.331, 38.696, 161, M, 2.34
COLUMBIA 1.6 NW, Tuolumne, CA05, -120.425, 38.042, 2326, M, 2.58
BAKERSFIELD 6.1 WSW, Kern, CA05, -119.108, 35.331, 370, M, 0.28
WALKER BASIN 0.9 E, Kern, CA05, -118.507, 35.409, 3435, M, 0.25
SALYER 1.1 E, Trinity, CA01, -123.561, 40.890, 762, M, 10.11
LOS GATOS 5.6 S, Santa Clara, CA04, -121.978, 37.151, 1439, M, 10.60
FRESNO 5.9 NNE, Fresno, CA05, -119.741, 36.856, 364, M, 0.54
SEBASTOPOL 1.4 WSW, Sonoma, CA01, -122.850, 38.392, 178, M, 6.57
OAKLAND 1.2 ENE, Alameda, CA04, -122.203, 37.778, 116, M, 4.27
BANGOR 0.4 N, Butte, CA02, -121.405, 39.395, 820, M, 5.00
ARNOLD 3.2 ENE, Calaveras, CA05, -120.312, 38.242, 4036, M, 11.45
WILSEYVILLE 2.2 E, Calaveras, CA05, -120.473, 38.380, 3027, M, 7.94
GARBERVILLE 1.1 WSW, Humboldt, CA01, -123.810, 40.089, 510, M, 12.77
ARCATA 0.9 WNW, Humboldt, CA01, -124.097, 40.872, 15, M, 10.09
WHITETHORN 1.7 NNW, Humboldt, CA01, -123.959, 40.045, 967, M, 16.29
BISHOP 1.7 SW, Inyo, CA07, -118.415, 37.347, 4221, M, 0.16
SANTA CLARITA 1.4 ESE, Los Angeles, CA06, -118.487, 34.406, 1561, M, 0.33
ALTADENA 1.9 ESE, Los Angeles, CA06, -118.105, 34.179, 1089, M, 0.21
WILLITS 20.4 E, Lake, CA01, -122.969, 39.436, 1922, M, 8.10
FORT BRAGG 4.0 NNE, Mendocino, CA01, -123.785, 39.499, 85, M, 0.01
MARINA 0.8 SSE, Monterey, CA04, -121.784, 36.673, 136, M, 2.32
CARMEL VALLEY VILLAGE 12.2 SE, Monterey, CA04, -121.577, 36.354, 3084, M, 2.43
TRABUCO CANYON 0.2 N, Orange, CA06, -117.589, 33.665, 1052, M, 0.61
ROCKLIN 2.5 W, Placer, CA02, -121.286, 38.809, 130, M, 4.96
MURRIETA 3.6 NNE, Riverside, CA06, -117.188, 33.608, 1723, M, 0.30
SACRAMENTO 4.3 ENE, Sacramento, CA02, -121.394, 38.591, 52, M, 5.01
SANTA BARBARA 4.7 WNW, Santa Barbara, CA06, -119.799, 34.453, 129, M, 0.61
ESCONDIDO 4.0 SSW, San Diego, CA06, -117.093, 33.082, 762, M, 0.09
VISTA 3.4ENE, San Diego, CA06, -117.172, 33.241, 891, M, 0.19
BORREGO SPRINGS 7.1SE, San Diego, CA07, -116.279, 33.193, 574, M, 0.01
SHINGLETOWN 2.5 E, Shasta, CA02, -121.843, 40.499, 3643, M, 10.40
SAN MATEO 0.8 NE, San Mateo, CA04, -122.301, 37.568, 5, M, 3.30
PACIFICA 1.9 S, San Mateo, CA04, -122.479, 37.584, 297, M, 5.17
CAZADERO 1.3 SSE, Sonoma, CA01, -123.078, 38.515, 179, M, 12.96
KENWOOD 1.4 NNW, Sonoma, CA01, -122.551, 38.435, 490, M, 6.07
SEBASTOPOL 4.7 W, Sonoma, CA01, -122.912, 38.390, 599, M, 5.56
SONOMA 0.4 SSE, Sonoma, CA01, -122.456, 38.286, 79, M, 4.93
SANTA ROSA 6.7 WSW, Sonoma, CA01, -122.821, 38.426, 86, M, 6.39
SANTA ROSA 2.1 NNE, Sonoma, CA01, -122.690, 38.478, 643, M, 6.72
BARSTOW 0.8 SSE, San Bernardino, CA07, -117.059, 34.867, 2609, M, 0.85
SAN BERNARDINO 5.1 NW, San Bernardino, CA06, -117.350, 34.195, 1735, M, 1.56
HESPERIA 3.6 SSW, San Bernardino, CA07, -117.335, 34.375, 3545, M, 0.99
MODESTO 4.1 NW, Stanislaus, CA05, -121.057, 37.693, 78, M, 1.94
APTOS 1.4 N, Santa Cruz, CA04, -121.901, 37.012, 601, M, 6.78
SANTA CRUZ 5.7 N, Santa Cruz, CA04, -122.033, 37.056, 353, M, 8.18
WATSONVILLE 1.0 N, Santa Cruz, CA04, -121.766, 36.934, 106, M, 4.69
COTTONWOOD 7.8 SW, Tehama, CA02, -122.368, 40.299, 690, M, 3.71
SONORA 3.4 E, Tuolumne, CA05, -120.319, 37.985, 2538, M, 6.34
DAVIS 1.7 SE, Yolo, CA02, -121.711, 38.541, 54, M, 2.32
MCOLF CAMP PENDLETON RED BEACH AIRPORT, San Diego, -, -117.456, 33.286, 89, 68.2, 0.19
SOUTH LAKE F.S, Kern, CA05, -118.361, 35.647, 2654, 62.9, 0.34
CAMPO ASOS, San Diego, CA07, -116.468, 32.626, 2641, 62.5, 0.06
Burbank Glendale Pasadena Area, -, -, -, -, -, 69.4, 0.22
Camarillo Area, -, -, -, -, -, 65.8, 0.49
Needles Area, -, -, -, -, -, 80.0, T
Oxnard Area, -, -, -, -, -, 65.8, 0.47
Palm Springs Area, -, -, -, -, -, 77.9, 0.09
Riverside Area, -, -, -, -, -, 70.5, 0.96
Ramona Area, -, -, -, -, -, 65.1, 0.18
Northern CA 8 Station Index, -, -, -, -, -, M, 11.93
San Joaquin 5 Station Index, -, -, -, -, -, M, 6.31
Tulare 6 Station Index, -, -, -, -, -, M, 1.64
MERCED 1.2 NW, Merced, CA05, -120.497, 37.310, 168, M, 1.63
FREMONT 3.3 NNE, Alameda, CA04, -121.965, 37.568, 83, M, 3.85
ROSEVILLE 3.6 E, Placer, CA02, -121.228, 38.770, 342, M, 6.46
HEALDSBURG 0.6 W, Sonoma, CA01, -122.873, 38.618, 105, M, 7.38
LAKE ARROWHEAD 1.5 SE, San Bernardino, CA07, -117.171, 34.247, 5519, M, 2.10
BOULEVARD 1.2 WNW, San Diego, CA07, -116.291, 32.672, 3547, M, 0.18
SANTA ROSA 5.3 E, Sonoma, CA01, -122.603, 38.439, 424, M, 6.38
ALTURAS 9.5 E, Modoc, CA02, -120.365, 41.514, 5336, M, 1.91
SANTA MARIA 1.6 WSW, Santa Barbara, CA06, -120.461, 34.924, 223, M, 1.09
DESCANSO 3.7N, San Diego, CA06, -116.623, 32.908, 3327, M, 0.36
CASTRO VALLEY 2.0 SW, Alameda, CA04, -122.086, 37.689, 154, M, 4.52
PACIFIC GROVE 1.6 SSW, Monterey, CA04, -121.941, 36.603, 137, M, 2.83
ESCONDIDO 1.4 ENE, San Diego, CA06, -117.050, 33.147, 703, M, 0.02
LOS ANGELES 2.6 NW, Los Angeles, CA06, -118.273, 34.081, 405, M, 0.39
HONEYDEW 3.2 SSE, Humboldt, CA01, -124.105, 40.200, 1395, M, 27.81
HEALDSBURG 7.7 S, Sonoma, CA01, -122.886, 38.508, 79, M, 8.25
CAMBRIA 0.5 WSW, San Luis Obispo, CA04, -121.087, 35.543, 214, M, 1.78
BRENTWOOD 2.5 SSW, Contra Costa, CA05, -121.723, 37.899, 182, M, 2.65
Alturas Area, -, -, -, -, -, 48.3, 1.47
Mount Shasta Area, -, -, -, -, -, 49.8, 11.87
Palmdale Area, -, -, -, -, -, 64.6, 0.07
Lancaster Area, -, -, -, -, -, 64.5, 0.18
POMONA 1.8 SW, Los Angeles, CA06, -117.779, 34.037, 953, M, 0.69
MADERA 0.9 SSW, Madera, CA05, -120.084, 36.956, 262, M, 0.70
SAN DIEGO 10.2 NNW, San Diego, CA06, -117.229, 32.939, 81, M, 0.02
SQUAW VALLEY 9.4 NW, Fresno, CA05, -119.301, 36.802, 830, M, 1.36
FALLBROOK 4.6 ESE, San Diego, CA06, -117.165, 33.342, 410, M, 0.19
SOMES BAR 1.5 NW, Siskiyou, CA01, -123.496, 41.392, 712, M, 14.04
FREMONT 3.7 NE, Alameda, CA04, -121.959, 37.572, 102, M, 2.03
LOMITA 0.6 SE, Los Angeles, CA06, -118.310, 33.787, 110, M, 0.30
PIONEER 2.7 NNE, Amador, CA05, -120.551, 38.468, 3412, M, 5.21
El Cajon Area, -, -, -, -, -, 70.3, 0.15
Hanford Area, -, -, -, -, -, 64.9, 0.64
El Centro Area, -, -, -, -, -, 78.5, T
Madera Area, -, -, -, -, -, 64.7, 0.62
Merced Area, -, -, -, -, -, 63.9, 1.43
CAMARILLO 0.4 NW, Ventura, CA06, -119.035, 34.227, 165, M, 0.64
WEST SACRAMENTO 3.0 NNE, Yolo, CA02, -121.521, 38.595, 20, M, 3.50
San Jose Area, -, -, -, -, -, 64.8, 1.56
MODESTO IRRIGATION DISTRICT, Stanislaus, CA05, -120.003, 37.644, 88, 66.5, 2.33
GRASS VALLEY 1.3 N, Nevada, CA02, -121.058, 39.241, 2761, M, 8.16
STOCKTON 2.5 NE, San Joaquin, CA05, -121.366, 38.001, 1, M, 3.65
HALF MOON BAY 1.0 S, San Mateo, CA04, -122.438, 37.455, 65, M, 4.01
MOUNT SHASTA 1.7 SSE, Siskiyou, CA02, -122.303, 41.299, 3593, M, 14.84
RED BLUFF 5.7 W, Tehama, CA02, -122.346, 40.161, 490, M, 2.78
VOLCANO 3.2 N, Amador, CA05, -120.631, 38.488, 2426, M, 10.14
CAMINO 2.0 WSW, El Dorado, CA02, -120.711, 38.734, 2910, M, 11.07
POLLOCK PINES 1.9 WNW, El Dorado, CA02, -120.605, 38.758, 3849, M, 14.52
TRINIDAD 1.0 ENE, Humboldt, CA01, -124.124, 41.061, 287, M, 14.12
HYDESVILLE 11.4 NE, Humboldt, CA01, -123.924, 40.658, 2446, M, 12.11
BENICIA 1.0 N, Solano, CA01, -122.157, 38.086, 246, M, 2.57
SANTA CRUZ 6.3 NNE, Santa Cruz, CA04, -121.981, 37.057, 400, M, 5.38
LOS MOLINOS 4.5 N, Tehama, CA02, -122.111, 40.092, 235, M, 2.30
RED BLUFF 19.0 SW, Tehama, CA02, -122.535, 40.016, 773, M, 3.18
WILLOW CREEK 4.9 NNE, Humboldt, CA01, -123.628, 40.947, 501, M, 11.01
PASADENA 1.8 E, Los Angeles, CA06, -118.107, 34.162, 911, M, 0.34
TORRANCE 0.7 E, Los Angeles, CA06, -118.328, 33.834, 92, M, 0.35
GARDEN GROVE 0.8 ESE, Orange, CA06, -117.946, 33.775, 85, M, 0.64
NORCO 1.7 W, Riverside, CA06, -117.582, 33.925, 626, M, 1.41
DESCANSO 3.7 NNW, San Diego, CA06, -116.626, 32.906, 3278, M, 0.32
EL CAJON 2.8SE, San Diego, CA06, -116.920, 32.772, 686, M, 0.22
OCEANSIDE 8.1ENE, San Diego, CA06, -117.256, 33.250, 189, M, 0.11
SAN MARCOS 2.6W, San Diego, CA06, -117.211, 33.147, 657, M, 0.06
CARLSBAD 8.3SE, San Diego, CA06, -117.242, 33.079, 222, M, 0.16
OROVILLE 4.6 ENE, Butte, CA02, -121.489, 39.531, 394, M, 5.17
CRESCENT CITY 10.6 NE, Del Norte, CA01, -124.064, 41.871, 1724, M, 30.36
SALINAS 3.2 NNW, Monterey, CA04, -121.656, 36.728, 105, M, 2.33
MEADOW VALLEY 5.6 WSW, Plumas, CA02, -121.100, 39.919, 4438, M, 13.55
SANTA MARIA 1.8 NE, Santa Barbara, CA06, -120.419, 34.959, 235, M, 1.74
MORGAN HILL 6.4 NE, Santa Clara, CA04, -121.546, 37.186, 2624, M, 5.61
SAN JOSE 1.9 SW, Santa Clara, CA04, -121.877, 37.288, 141, M, 0.55
SPRING VALLEY 0.9 W, San Diego, CA06, -117.004, 32.719, 339, M, 0.00
EL CAJON 3.2ESE, San Diego, CA06, -116.910, 32.780, 783, M, 0.22
VALLEY CENTER 6.4N, San Diego, CA06, -117.041, 33.311, 1357, M, 0.13
JOSHUA TREE 2.6 SE, San Bernardino, CA07, -116.289, 34.098, 3247, M, 0.40
HOLLISTER 0.3 WSW, San Benito, CA04, -121.403, 36.854, 326, M, 2.27
KNEELAND 3.5 SSE, Humboldt, CA01, -123.976, 40.711, 2050, M, 9.96
DESCANSO 0.8 N, San Diego, CA06, -116.618, 32.865, 3487, M, 0.21
BOULEVARD 4.4 WSW, San Diego, CA06, -116.348, 32.645, 3521, M, 0.14
WOODSIDE 3.4 S, San Mateo, CA04, -122.264, 37.375, 1592, M, 4.28
YUCCA VALLEY 2.7 ENE, San Bernardino, CA07, -116.388, 34.129, 3257, M, 0.28
YUCAIPA 1.5 NNE, San Bernardino, CA06, -117.038, 34.054, 2776, M, 0.69
SANTA CRUZ 2.0 ENE, Santa Cruz, CA04, -122.001, 36.980, 73, M, 3.44
LA CRESCENTA-MONTROSE 1.6 WNW, Los Angeles, CA06, -118.261, 34.241, 1872, M, 0.31
SANTA MONICA 1.3 NNE, Los Angeles, CA06, -118.485, 34.032, 186, M, 0.39
CASPAR 1.4 ESE, Mendocino, CA01, -123.789, 39.361, 323, M, 8.63
CORONA 2.1 W, Riverside, CA06, -117.606, 33.865, 862, M, 0.06
LAKESIDE 4.1NNE, San Diego, CA06, -116.888, 32.909, 1679, M, 0.15
JOSHUA TREE 0.0 ESE, San Bernardino, CA07, -116.318, 34.127, 2883, M, 0.55
GERBER 3.5 SW, Tehama, CA02, -122.190, 40.021, 268, M, 3.95
CRESCENT CITY 2.1 N, Del Norte, CA01, -124.200, 41.785, 31, M, 22.28
SILVERADO 0.9 E, Orange, CA06, -117.622, 33.746, 1439, M, 0.82
EL CERRITO 1.3 NW, Contra Costa, CA04, -122.316, 37.936, 258, M, 3.19
MCKINLEYVILLE 2.1 NE, Humboldt, CA01, -124.088, 40.975, 270, M, 12.31
CULVER CITY 1.6 SSW, Los Angeles, CA06, -118.409, 33.986, 23, M, 0.43
SAN ANSELMO 2.0 NNW, Marin, CA01, -122.580, 38.010, 204, M, 6.99
ANAHEIM 7.3 E, Orange, CA06, -117.747, 33.852, 755, M, 0.70
LOS GATOS 9.6 SSE, Santa Clara, CA04, -121.890, 37.104, 2199, M, 12.42
COTTONWOOD 3.2 WSW, Shasta, CA02, -122.339, 40.378, 460, M, 6.21
SAN LUIS OBISPO 2.2 NNW, San Luis Obispo, CA04, -120.681, 35.302, 324, M, 2.13
ADELANTO 3.1 S, San Bernardino, CA07, -117.433, 34.525, 3085, M, 0.14
CHICO 1.3 E, Butte, CA02, -121.782, 39.755, 362, M, 6.24
MOJAVE 6.9 SSW, Kern, CA07, -118.234, 34.962, 2900, M, 0.30
PALM DESERT 5.0 ENE, Riverside, CA07, -116.301, 33.771, 109, M, 0.00
RIO VISTA 8.5 S, Sacramento, CA05, -121.703, 38.050, 5, M, 2.98
REDDING 7.3 NE, Shasta, CA02, -122.255, 40.637, 682, M, 7.94
SAUSALITO 0.3 WNW, Marin, CA01, -122.497, 37.859, 159, M, 3.43
NOVATO 1.2 SW, Marin, CA01, -122.570, 38.079, 228, M, 5.76
SAN RAFAEL 4.6 NNW, Marin, CA01, -122.543, 38.041, 195, M, 6.17
SALINAS 2.7 WSW, Monterey, CA04, -121.681, 36.670, 38, M, 2.01
SANTA ROSA ISLAND CALIFORNIA, Santa Barbara, CA06, -120.078, 33.978, 1298, 62.6, M
SANTA ROSA PLATEAU CALIFORNIA, Riverside, CA06, -117.231, 33.529, 1980, 68.3, M
SANTA ROSA CALIFORNIA, Sonoma, CA01, -122.712, 38.479, 576, 61.6, M
STAMPEDE CALIFORNIA, Sierra, CA03, -120.075, 39.483, 6867, 46.9, M
STONYFORD CALIFORNIA, Colusa, CA02, -122.575, 39.367, 1200, 59.9, M
SUGARLOAF (SHF) CALIFORNIA, Shasta, CA02, -122.438, 40.917, 4200, 53.9, M
SPRING VALLEY CALIFORNIA, San Mateo, CA04, -122.436, 37.563, 1075, 60.0, M
TANBARK CALIFORNIA, Los Angeles, CA06, -117.761, 34.207, 2600, 66.9, M
TEMESCAL (LPF) CALIFORNIA, Ventura, CA06, -118.756, 34.481, 1140, 67.5, M
THOMES CREEK CALIFORNIA, Tehama, CA02, -122.610, 39.864, 1040, 62.9, M
TIMBER MOUNTAIN CALIFORNIA, Modoc, CA01, -121.298, 41.629, 4960, 47.8, M
MOUNT TOM CALIFORNIA, Fresno, CA05, -119.178, 37.376, 9018, 44.5, M
LAS TRAMPAS CALIFORNIA, Contra Costa, CA04, -122.067, 37.834, 1760, 59.6, M
TRINITY CAMP CALIFORNIA, Trinity, CA01, -122.804, 40.786, 3308, 51.4, M
TRIMMER CALIFORNIA, Fresno, CA05, -119.305, 36.911, 1540, 64.7, M
UHL / HOT SPRINGS, Tulare, CA05, -118.633, 35.889, 3720, 58.9, M
UNDERWOOD CALIFORNIA, Trinity, CA01, -123.495, 40.722, 2600, 53.1, M
VALLEY CENTER CALIFORNIA, San Diego, CA06, -117.009, 33.237, 1483, 67.8, M
VAN BREMMER CALIFORNIA, Siskiyou, CA01, -121.794, 41.643, 4928, 46.9, M
VALYERMO CALIFORNIA, Los Angeles, CA07, -117.851, 34.446, 3780, 62.2, M
VANDENBERG CALIFORNIA, Santa Barbara, CA06, -120.486, 34.759, 1050, 64.2, M
WALKER CALIFORNIA, Mono, CA03, -119.459, 38.565, 5440, 56.0, M
WALKER PASS CALIFORNIA, Kern, CA05, -118.057, 35.665, 5572, 59.3, M
WARM SPRINGS CALIFORNIA, Los Angeles, CA06, -118.579, 34.596, 4930, 63.9, M
WEED AIRPORT CALIFORNIA, Siskiyou, CA01, -122.454, 41.479, 2930, 52.0, M
WESTWOOD CALIFORNIA, Lassen, CA02, -120.900, 40.307, 5800, 46.8, M
WHITE CLOUD CALIFORNIA, Nevada, CA02, -120.837, 39.317, 4320, 54.4, M
WHITMORE CALIFORNIA, Shasta, CA02, -121.899, 40.619, 2417, 56.8, M
WILEY RIDGE CALIFORNIA, Ventura, CA06, -118.841, 34.372, 1645, 67.9, M
WOFFORD HEIGHTS CALIFORNIA, Kern, CA05, -118.499, 35.722, 3150, 61.6, M
WOLVERTON CALIFORNIA, Tulare, CA05, -118.703, 36.445, 5240, 59.4, M
WOODACRE CALIFORNIA, Marin, CA01, -122.645, 37.991, 1400, 59.6, M
WHITAKER PEAK CALIFORNIA, Los Angeles, CA06, -118.740, 34.569, 4120, 63.4, M
WHITE WOLF CALIFORNIA, Tuolumne, CA05, -119.650, 37.851, 8025, 43.8, M
YOLLA BOLLA CALIFORNIA, Trinity, CA01, -123.066, 40.338, 4524, 49.7, M
YUCCA VALLEY CALIFORNIA, San Bernardino, CA07, -116.408, 34.123, 3260, 66.0, M
YUROK CALIFORNIA, Humboldt, CA01, -123.857, 41.290, 495, 58.0, M
HAGAN'S MEADOW, El Dorado, CA03, -119.940, 38.850, 7776, 43.2, 8.70
BLUE LAKES, Alpine, CA05, -119.920, 38.610, 8057, 42.2, 9.60
POISON FLAT, Alpine, CA03, -119.630, 38.510, 7736, 42.8, 8.40
SONORA PASS, Mono, CA03, -119.600, 38.310, 8827, 42.3, 7.90
LEAVITT MEADOWS, Mono, CA03, -119.550, 38.300, 7198, 46.3, 9.40
VIRGINIA LAKES RIDGE, Mono, CA03, -119.230, 38.070, 9445, 42.9, 4.80
LOBDELL LAKE, Mono, CA03, -119.370, 38.440, 9233, 41.5, 2.80
EBBETTS PASS, Alpine, CA03, -119.800, 38.550, 8765, 42.4, 13.20
HEAVENLY VALLEY, El Dorado, CA03, -119.920, 38.920, 8582, 41.1, 7.20
LEAVITT LAKE, Mono, CA03, -119.610, 38.280, 9617, 40.8, 14.20
SPRATT CREEK, Alpine, CA03, -119.820, 38.670, 6115, 48.8, 9.50
MONITOR PASS, Alpine, CA03, -119.610, 38.670, 8310, 44.5, 4.00
BURNSIDE LAKE, Alpine, CA03, -119.890, 38.720, 8129, 41.0, 9.70
SUMMIT MEADOW, Mono, CA03, -119.540, 38.400, 9313, 42.1, 4.40
FORESTDALE CREEK, Alpine, CA03, -119.960, 38.680, 8017, 44.1, 13.10
HORSE MEADOW, Alpine, CA03, -119.890, 38.840, 8557, 42.1, 4.20
CARSON PASS, Alpine, CA02, -119.990, 38.690, 8353, 41.7, 11.90
CROWDER FLAT, Modoc, CA01, -120.750, 41.890, 5170, 46.1, 2.40
CEDAR PASS, Modoc, CA02, -120.300, 41.580, 7030, 43.2, 3.80
DISMAL SWAMP, Modoc, CA03, -120.180, 41.990, 7360, 39.4, 8.20
ADIN MTN, Modoc, CA02, -120.790, 41.240, 6190, 42.6, 4.00
INDEPENDENCE CREEK, Sierra, CA03, -120.280, 39.490, 6456, 43.8, 8.20
INDEPENDENCE CAMP, Sierra, CA03, -120.290, 39.450, 7003, 44.2, 9.20
INDEPENDENCE LAKE, Nevada, CA03, -120.310, 39.430, 8352, 41.0, 13.40
TRUCKEE #2, Placer, CA03, -120.180, 39.300, 6509, 46.8, 9.10
BIG PINE 1.0 NW, Inyo, CA07, -118.305, 37.178, 4010, M, 0.07
SQUAW VALLEY 0.6 SE, Fresno, CA05, -119.187, 36.689, 1309, M, 1.33
SAN DIEGO 1.8NE, San Diego, CA06, -117.133, 32.722, 220, M, 0.20
SAN RAMON 1.7 SSE, Contra Costa, CA04, -121.943, 37.733, 412, M, 4.72
BODEGA BAY 1.3 NW, Sonoma, CA01, -123.047, 38.335, 87, M, 6.54
POWAY 4.5NW, San Diego, CA06, -117.067, 33.018, 496, M, 0.07
COTATI 1.0 SSE, Sonoma, CA01, -122.704, 38.314, 192, M, 6.75
EUREKA 0.7 S, Humboldt, CA01, -124.158, 40.785, 151, M, 10.79
LAKEPORT 0.6 N, Lake, CA02, -122.922, 39.051, 1406, M, 3.64
CORNING 12.4 W, Tehama, CA02, -122.415, 39.930, 538, M, 2.50
PLACERVILLE 6.6 ESE, El Dorado, CA05, -120.691, 38.680, 2587, M, 0.00
MENDOCINO 2.7 NNE, Mendocino, CA01, -123.776, 39.342, 421, M, 8.24
ROHNERT PARK 3.1 ENE, Sonoma, CA01, -122.650, 38.372, 668, M, 8.31
PLEASANTON 2.3 NNE, Alameda, CA04, -121.865, 37.700, 348, M, 4.55
IRVINE 0.4 NE, Orange, CA06, -117.791, 33.665, 125, M, 0.74
MCARTHUR 16.0 SE, Lassen, CA02, -121.178, 40.890, 4178, M, 2.71
CORNING 1.3 ESE, Tehama, CA02, -122.159, 39.921, 303, M, 3.53
HEMET 1.6 N, Riverside, CA06, -116.994, 33.754, 1553, M, 0.39
ARROYO GRANDE 2.5 NW, San Luis Obispo, CA04, -120.610, 35.155, 491, M, 2.70
MISSION VIEJO 3.1 SSE, Orange, CA06, -117.636, 33.569, 538, M, 0.26
RICHMOND 3.6 SE, Contra Costa, CA04, -122.316, 37.913, 98, M, 3.26
ROSEVILLE 1.4 NNW, Placer, CA02, -121.299, 38.780, 157, M, 5.57
MID-CITY SAN DIEGO 0.5W, San Diego, CA06, -117.069, 32.765, 462, M, 0.16
BENICIA 1.3 SW, Solano, CA01, -122.169, 38.056, 9, M, 2.37
WINCHESTER 6.5 S, Riverside, CA06, -117.091, 33.615, 1422, M, 0.34
LAKE MADERA 1.3 NNE, Madera, CA05, -119.984, 37.037, 359, M, 1.10
BEN LOMOND 2.6 SSE, Santa Cruz, CA04, -122.067, 37.068, 747, M, 11.28
BISHOP 1.6 NW, Inyo, CA07, -118.415, 37.385, 4183, M, 0.13
GILROY 2.0 S, Santa Clara, CA04, -121.572, 36.981, 221, M, 6.04
PETROLIA 0.6 SSE, Humboldt, CA01, -124.282, 40.317, 92, M, 16.77
WHITETHORN 1.4 NW, Humboldt, CA01, -123.960, 40.039, 1005, M, 16.35
FORT BRAGG 3.5 S, Mendocino, CA01, -123.802, 39.391, 211, M, 7.49
PORTOLA HILLS 1.7 WNW, Orange, CA06, -117.660, 33.690, 997, M, 0.86
LAGUNA HILLS 1.8 E, Orange, CA06, -117.679, 33.598, 448, M, 0.87
SONOMA 1.7 NNW, Sonoma, CA01, -122.475, 38.312, 158, M, 6.28
CLAIREMONT 3.7SSE, San Diego, CA06, -117.187, 32.781, 307, M, 0.26
COTTONWOOD 1.0 NW, Shasta, CA02, -122.294, 40.400, 499, M, 6.53
FAIRFAX 0.7 N, Marin, CA01, -122.594, 37.999, 196, M, 5.58
LAKE CALIFORNIA .4 NW, Tehama, CA02, -122.200, 40.352, 372, M, 4.93
JACKSON 0.8 SSE, Amador, CA05, -120.769, 38.339, 1355, M, 6.72
SQUAW VALLEY 3.1 ESE, Fresno, CA05, -119.139, 36.686, 2492, M, 1.47
SAN RAFAEL 2.5 W, Marin, CA01, -122.551, 37.985, 126, M, 1.24
ARTESIA 0.5 W, Los Angeles, CA06, -118.089, 33.868, 59, M, 0.56
GUERNEVILLE 0.8 N, Sonoma, CA01, -122.999, 38.513, 58, M, 8.60
BEAUMONT 2.2 NNW, Riverside, CA06, -116.992, 33.961, 2644, M, 0.28
BISHOP 1.4 WNW, Inyo, CA07, -118.418, 37.379, 4203, M, 0.15
NEWARK 1.2 ENE, Alameda, CA04, -122.010, 37.527, 30, M, 3.30
SMARTSVILLE 2.4 S, Yuba, CA02, -121.291, 39.173, 859, M, 3.10
LOS ALTOS 1.8 SSE, Santa Clara, CA04, -122.084, 37.345, 277, M, 2.32
SAN MARCOS 3.3 WSW, San Diego, CA06, -117.228, 33.123, 587, M, 0.08
TRACY 1.1 SSW, San Joaquin, CA05, -121.440, 37.723, 78, M, 1.79
CYPRESS 1.0 W, Orange, CA06, -118.055, 33.817, 28, M, 0.43
SANTA CLARITA 3.1 WSW, Los Angeles, CA06, -118.557, 34.390, 1251, M, 0.38
LAGUNA BEACH 0.8 SSE, Orange, CA06, -117.757, 33.529, 770, M, 0.60
AUBURN 4.8 N, Placer, CA02, -121.092, 38.960, 1445, M, 9.61
AUBERRY 1.1 WSW, Fresno, CA05, -119.510, 37.070, 2000, M, M
Crescent City Area, -, -, -, -, -, 56.3, 18.68
Escondido Area, -, -, -, -, -, 70.1, 0.05
Sacramento Downtown Area, -, -, -, -, -, 64.4, 4.41
Tahoe City Area, -, -, -, -, -, 46.2, 9.04
Ukiah Area, -, -, -, -, -, 59.5, 6.31
MOUNTAIN VIEW 1.1 S, Santa Clara, CA04, -122.077, 37.387, 100, M, 0.85
PACIFIC PALISADES 1.3 NW, Los Angeles, CA06, -118.533, 34.047, 278, M, 0.25
OCCIDENTAL 1.6 NW, Sonoma, CA01, -122.956, 38.413, 801, M, 11.58
WARD CREEK #3, Placer, CA03, -120.220, 39.140, 6655, 44.9, 19.90
TAHOE CITY CROSS, Placer, CA03, -120.150, 39.170, 6797, 46.4, 10.20
SQUAW VALLEY G.C., Placer, CA03, -120.260, 39.190, 8029, 42.5, 18.80
CSS LAB, Nevada, CA02, -120.370, 39.330, 6855, 44.9, 17.00
RUBICON #2, El Dorado, CA03, -120.130, 39.000, 7689, 44.9, 11.80
ECHO PEAK, El Dorado, CA03, -120.080, 38.850, 7670, 44.9, 17.10
FALLEN LEAF, El Dorado, CA03, -120.050, 38.930, 6236, 46.3, 10.40
BEAR VALLEY F.D., Kern, CA01, -118.644, 35.166, 4100, 52.5, 0.83
GRIDLEY 0.4 NNE, Butte, CA02, -121.693, 39.369, 86, M, 2.79
WASCO 0.8 SSW, Kern, CA05, -119.348, 35.583, 325, M, 0.46
NEVADA CITY 1.7 SSE, Nevada, CA02, -121.006, 39.238, 3168, M, 11.80
LA MESA 2.6E, San Diego, CA06, -116.979, 32.770, 1014, M, 0.11
BERKELEY 4.0 E, Alameda, CA04, -122.226, 37.857, 1148, M, 4.54
CHESTER 0.9 NNE, Plumas, CA02, -121.225, 40.311, 4532, M, 5.21
CARLSBAD 1.3ENE, San Diego, CA06, -117.331, 33.166, 194, M, 0.00
SAN MATEO 1.2 SW, San Mateo, CA04, -122.329, 37.550, 114, M, 4.33
RED BLUFF 4.9 SE, Tehama, CA02, -122.175, 40.124, 265, M, 3.53
CHICO 0.2 ESE, Butte, CA02, -121.803, 39.753, 257, M, 5.82
CRESCENT CITY 7.8 NNE, Del Norte, CA01, -124.144, 41.862, 95, M, 25.78
MISSION VIEJO 3.9 NNE, Orange, CA06, -117.626, 33.665, 1051, M, 0.72